donor,age_yr,cell_type,mutations,callable_sites,burden_per_bp,burden_per_kb
TSP1,59,B_cell,0,1139792,0.0,0.0
TSP1,59,CD4-positive_alpha-beta_T_cell,163,60826209,2.679765888418264e-06,0.002679765888418264
TSP1,59,CD4-positive_alpha-beta_memory_T_cell,0,448880,0.0,0.0
TSP1,59,CD8-positive_alpha-beta_T_cell,27,18780109,1.4376913360832997e-06,0.0014376913360832997
TSP1,59,CD8-positive_alpha-beta_cytokine_secreting_effector_T_cell,0,61256,0.0,0.0
TSP1,59,CD8-positive_alpha-beta_memory_T_cell,1,618129,1.617785284301497e-06,0.001617785284301497
TSP1,59,Mueller_cell,0,18544,0.0,0.0
TSP1,59,T_cell,14,21347485,6.55814958998683e-07,0.000655814958998683
TSP1,59,basal_cell,0,2156882,0.0,0.0
TSP1,59,basophil,4,7989482,5.006582404215943e-07,0.0005006582404215943
TSP1,59,bladder_urothelial_cell,84,69919855,1.2013754891225104e-06,0.0012013754891225105
TSP1,59,capillary_endothelial_cell,39,25911580,1.5051185608905361e-06,0.0015051185608905362
TSP1,59,classical_monocyte,4,5899005,6.780804559412986e-07,0.0006780804559412986
TSP1,59,club_cell,2,1153749,1.7334792922897442e-06,0.0017334792922897443
TSP1,59,common_myeloid_progenitor,0,9718,0.0,0.0
TSP1,59,conjunctival_epithelial_cell,0,172774,0.0,0.0
TSP1,59,corneal_epithelial_cell,0,53761,0.0,0.0
TSP1,59,dendritic_cell,2,6643449,3.010484463717566e-07,0.0003010484463717566
TSP1,59,effector_CD4-positive_alpha-beta_T_cell,0,160950,0.0,0.0
TSP1,59,effector_CD8-positive_alpha-beta_T_cell,0,173238,0.0,0.0
TSP1,59,endothelial_cell,0,237000,0.0,0.0
TSP1,59,endothelial_cell_of_artery,11,4467114,2.4624399556402634e-06,0.0024624399556402634
TSP1,59,endothelial_cell_of_hepatic_sinusoid,0,16169,0.0,0.0
TSP1,59,endothelial_cell_of_vascular_tree,39,22158758,1.7600264419152013e-06,0.0017600264419152013
TSP1,59,epithelial_cell,0,92916,0.0,0.0
TSP1,59,erythrocyte,0,519892,0.0,0.0
TSP1,59,erythroid_progenitor_cell,0,11177,0.0,0.0
TSP1,59,eye_photoreceptor_cell,0,33971,0.0,0.0
TSP1,59,fast_muscle_cell,3,1275893,2.3512943483505277e-06,0.0023512943483505275
TSP1,59,fibroblast,80,58817456,1.3601404317793003e-06,0.0013601404317793004
TSP1,59,granulocyte,0,26561,0.0,0.0
TSP1,59,hematopoietic_stem_cell,0,31666,0.0,0.0
TSP1,59,hepatocyte,0,83536,0.0,0.0
TSP1,59,innate_lymphoid_cell,0,102117,0.0,0.0
TSP1,59,intermediate_monocyte,0,38997,0.0,0.0
TSP1,59,keratinocyte,0,153887,0.0,0.0
TSP1,59,keratocyte,0,27221,0.0,0.0
TSP1,59,leukocyte,0,76304,0.0,0.0
TSP1,59,lung_ciliated_cell,7,15337122,4.564089664279909e-07,0.00045640896642799085
TSP1,59,lung_microvascular_endothelial_cell,1,403192,2.480207940633743e-06,0.0024802079406337427
TSP1,59,macrophage,233,125623049,1.8547551731529777e-06,0.0018547551731529777
TSP1,59,mast_cell,2,7054836,2.8349347879950717e-07,0.00028349347879950715
TSP1,59,mature_NK_T_cell,9,6828295,1.3180449878044227e-06,0.0013180449878044227
TSP1,59,memory_B_cell,10,9760132,1.024576306959783e-06,0.0010245763069597828
TSP1,59,mesenchymal_stem_cell,102,42281610,2.412396311304134e-06,0.002412396311304134
TSP1,59,monocyte,531,102442270,5.183407200953278e-06,0.0051834072009532784
TSP1,59,myofibroblast_cell,13,25242855,5.149972140631478e-07,0.0005149972140631477
TSP1,59,naive_B_cell,16,10374231,1.5422829894572426e-06,0.0015422829894572426
TSP1,59,naive_thymus-derived_CD4-positive_alpha-beta_T_cell,0,202468,0.0,0.0
TSP1,59,naive_thymus-derived_CD8-positive_alpha-beta_T_cell,0,54187,0.0,0.0
TSP1,59,neutrophil,1,587496,1.70213924860765e-06,0.00170213924860765
TSP1,59,non-classical_monocyte,4,3021915,1.3236639680467519e-06,0.0013236639680467518
TSP1,59,pericyte,50,29727775,1.6819287686347196e-06,0.0016819287686347195
TSP1,59,plasma_cell,12,17367601,6.909417138267974e-07,0.0006909417138267974
TSP1,59,pulmonary_alveolar_type_1_cell,2,3759396,5.320003532482346e-07,0.0005320003532482346
TSP1,59,pulmonary_alveolar_type_2_cell,30,35029389,8.564237303710892e-07,0.0008564237303710893
TSP1,59,regulatory_T_cell,0,40236,0.0,0.0
TSP1,59,respiratory_goblet_cell,3,8966324,3.345852770879125e-07,0.0003345852770879125
TSP1,59,retinal_blood_vessel_endothelial_cell,0,17462,0.0,0.0
TSP1,59,skeletal_muscle_satellite_stem_cell,13,12435862,1.0453638034902606e-06,0.0010453638034902605
TSP1,59,smooth_muscle_cell,0,2457793,0.0,0.0
TSP1,59,stromal_cell,0,11224,0.0,0.0
TSP1,59,type_I_NK_T_cell,0,146398,0.0,0.0
TSP1,59,vein_endothelial_cell,3,7727302,3.882338233965749e-07,0.0003882338233965749
TSP10,33,B_cell,1,708442,1.4115481577884992e-06,0.0014115481577884992
TSP10,33,CD4-positive_alpha-beta_T_cell,1,298016,3.355524535595404e-06,0.003355524535595404
TSP10,33,CD4-positive_alpha-beta_memory_T_cell,4,4640358,8.620024575690065e-07,0.0008620024575690065
TSP10,33,CD8-positive_alpha-beta_T_cell,11,6121958,1.7968107589107929e-06,0.001796810758910793
TSP10,33,CD8-positive_alpha-beta_cytokine_secreting_effector_T_cell,3,1751883,1.7124431254826948e-06,0.0017124431254826949
TSP10,33,CD8-positive_alpha-beta_memory_T_cell,0,468390,0.0,0.0
TSP10,33,Mueller_cell,0,19955,0.0,0.0
TSP10,33,T_cell,46,36650006,1.255115756324842e-06,0.001255115756324842
TSP10,33,basal_cell,1,513963,1.9456653494512253e-06,0.0019456653494512254
TSP10,33,basophil,2,402158,4.973169749203049e-06,0.00497316974920305
TSP10,33,bladder_urothelial_cell,0,571347,0.0,0.0
TSP10,33,capillary_endothelial_cell,0,600771,0.0,0.0
TSP10,33,classical_monocyte,690,89565516,7.70385781063328e-06,0.00770385781063328
TSP10,33,club_cell,0,62202,0.0,0.0
TSP10,33,common_myeloid_progenitor,0,12808,0.0,0.0
TSP10,33,conjunctival_epithelial_cell,1,440554,2.2698693009256525e-06,0.0022698693009256523
TSP10,33,corneal_epithelial_cell,0,153141,0.0,0.0
TSP10,33,dendritic_cell,0,24120,0.0,0.0
TSP10,33,effector_CD4-positive_alpha-beta_T_cell,1,386180,2.589466052100057e-06,0.0025894660521000572
TSP10,33,effector_CD8-positive_alpha-beta_T_cell,1,302883,3.3016049101468223e-06,0.003301604910146822
TSP10,33,endothelial_cell,203,92795967,2.1875950708073335e-06,0.0021875950708073336
TSP10,33,endothelial_cell_of_artery,0,13021,0.0,0.0
TSP10,33,endothelial_cell_of_hepatic_sinusoid,0,19362,0.0,0.0
TSP10,33,endothelial_cell_of_vascular_tree,1,301091,3.321255035852948e-06,0.003321255035852948
TSP10,33,epithelial_cell,1,69581,1.4371739411620989e-05,0.014371739411620989
TSP10,33,erythrocyte,12,2559875,4.6877288930123545e-06,0.0046877288930123545
TSP10,33,erythroid_progenitor_cell,0,22978,0.0,0.0
TSP10,33,eye_photoreceptor_cell,0,48942,0.0,0.0
TSP10,33,fast_muscle_cell,0,15964,0.0,0.0
TSP10,33,fibroblast,753,145227475,5.184969304189858e-06,0.005184969304189858
TSP10,33,granulocyte,0,22714,0.0,0.0
TSP10,33,hematopoietic_stem_cell,1,634926,1.574986691362458e-06,0.001574986691362458
TSP10,33,hepatocyte,1,105744,9.456801331517628e-06,0.009456801331517628
TSP10,33,innate_lymphoid_cell,0,99266,0.0,0.0
TSP10,33,intermediate_monocyte,0,45585,0.0,0.0
TSP10,33,keratinocyte,1,467673,2.138246167728306e-06,0.002138246167728306
TSP10,33,keratocyte,0,29122,0.0,0.0
TSP10,33,leukocyte,1,148850,6.718172657037286e-06,0.006718172657037286
TSP10,33,lung_ciliated_cell,0,51063,0.0,0.0
TSP10,33,lung_microvascular_endothelial_cell,0,47936,0.0,0.0
TSP10,33,macrophage,371,109881472,3.3763653985268782e-06,0.0033763653985268783
TSP10,33,mast_cell,0,77660,0.0,0.0
TSP10,33,mature_NK_T_cell,130,48933502,2.656666592143763e-06,0.002656666592143763
TSP10,33,memory_B_cell,40,17493720,2.2865348250686534e-06,0.0022865348250686534
TSP10,33,mesenchymal_stem_cell,8,4269343,1.8738246142322133e-06,0.0018738246142322133
TSP10,33,monocyte,4,2586866,1.5462725939418586e-06,0.0015462725939418586
TSP10,33,myofibroblast_cell,30,22188239,1.3520676426822337e-06,0.0013520676426822336
TSP10,33,naive_B_cell,121,35616238,3.3973268035776265e-06,0.0033973268035776263
TSP10,33,naive_thymus-derived_CD4-positive_alpha-beta_T_cell,9,3105126,2.898433107062322e-06,0.0028984331070623223
TSP10,33,naive_thymus-derived_CD8-positive_alpha-beta_T_cell,0,36386,0.0,0.0
TSP10,33,neutrophil,3,1950191,1.5383108628847123e-06,0.0015383108628847122
TSP10,33,non-classical_monocyte,0,169535,0.0,0.0
TSP10,33,pericyte,1,176449,5.6673599737034495e-06,0.00566735997370345
TSP10,33,plasma_cell,8,5818953,1.3748177722006003e-06,0.0013748177722006003
TSP10,33,pulmonary_alveolar_type_1_cell,0,12780,0.0,0.0
TSP10,33,pulmonary_alveolar_type_2_cell,3,1485533,2.0194771842833513e-06,0.002019477184283351
TSP10,33,regulatory_T_cell,0,51882,0.0,0.0
TSP10,33,respiratory_goblet_cell,0,87837,0.0,0.0
TSP10,33,retinal_blood_vessel_endothelial_cell,0,26193,0.0,0.0
TSP10,33,skeletal_muscle_satellite_stem_cell,0,593593,0.0,0.0
TSP10,33,smooth_muscle_cell,1,56366,1.7741191498421035e-05,0.017741191498421034
TSP10,33,stromal_cell,0,16169,0.0,0.0
TSP10,33,type_I_NK_T_cell,2,1012980,1.9743726430926574e-06,0.0019743726430926575
TSP10,33,vein_endothelial_cell,0,52580,0.0,0.0
TSP14,59,B_cell,163,153721313,1.0603604459194282e-06,0.0010603604459194283
TSP14,59,CD4-positive_alpha-beta_T_cell,3,5198056,5.771388380579201e-07,0.0005771388380579201
TSP14,59,CD4-positive_alpha-beta_memory_T_cell,9,26413410,3.407360125027401e-07,0.0003407360125027401
TSP14,59,CD8-positive_alpha-beta_T_cell,2,2457676,8.137769177059955e-07,0.0008137769177059955
TSP14,59,CD8-positive_alpha-beta_cytokine_secreting_effector_T_cell,0,591624,0.0,0.0
TSP14,59,CD8-positive_alpha-beta_memory_T_cell,26,55103286,4.7184118928950987e-07,0.00047184118928950987
TSP14,59,Mueller_cell,0,105600,0.0,0.0
TSP14,59,T_cell,54,91014017,5.933152033054425e-07,0.0005933152033054425
TSP14,59,basal_cell,25,46479059,5.378766381651574e-07,0.0005378766381651574
TSP14,59,basophil,0,711304,0.0,0.0
TSP14,59,bladder_urothelial_cell,110,102644062,1.0716645255134193e-06,0.0010716645255134192
TSP14,59,capillary_endothelial_cell,8,18257738,4.381703801423813e-07,0.00043817038014238127
TSP14,59,classical_monocyte,202,156865104,1.2877306351067092e-06,0.0012877306351067091
TSP14,59,club_cell,0,470183,0.0,0.0
TSP14,59,common_myeloid_progenitor,0,55702,0.0,0.0
TSP14,59,conjunctival_epithelial_cell,4,1917044,2.086545744385627e-06,0.0020865457443856273
TSP14,59,corneal_epithelial_cell,0,334603,0.0,0.0
TSP14,59,dendritic_cell,0,110689,0.0,0.0
TSP14,59,effector_CD4-positive_alpha-beta_T_cell,67,97554202,6.867976840198027e-07,0.0006867976840198027
TSP14,59,effector_CD8-positive_alpha-beta_T_cell,66,87570110,7.536818213429217e-07,0.0007536818213429217
TSP14,59,endothelial_cell,124,125336890,9.893336271547827e-07,0.0009893336271547828
TSP14,59,endothelial_cell_of_artery,0,1483988,0.0,0.0
TSP14,59,endothelial_cell_of_hepatic_sinusoid,0,1047100,0.0,0.0
TSP14,59,endothelial_cell_of_vascular_tree,11,13677597,8.042348374498825e-07,0.0008042348374498825
TSP14,59,epithelial_cell,0,508080,0.0,0.0
TSP14,59,erythrocyte,11,11784964,9.333927536817253e-07,0.0009333927536817252
TSP14,59,eye_photoreceptor_cell,0,198064,0.0,0.0
TSP14,59,fibroblast,198,155131011,1.2763405506330389e-06,0.0012763405506330389
TSP14,59,granulocyte,0,199762,0.0,0.0
TSP14,59,hematopoietic_stem_cell,2,2682328,7.456209680546152e-07,0.0007456209680546152
TSP14,59,hepatocyte,75,64733067,1.1586041489429196e-06,0.0011586041489429196
TSP14,59,innate_lymphoid_cell,14,32346446,4.3281416449893754e-07,0.00043281416449893754
TSP14,59,intermediate_monocyte,1,2738628,3.651463433514884e-07,0.0003651463433514884
TSP14,59,keratinocyte,128,112587191,1.1368966475058429e-06,0.0011368966475058429
TSP14,59,keratocyte,0,153644,0.0,0.0
TSP14,59,leukocyte,3,10801785,2.777318748706811e-07,0.0002777318748706811
TSP14,59,lung_ciliated_cell,0,307767,0.0,0.0
TSP14,59,lung_microvascular_endothelial_cell,0,158689,0.0,0.0
TSP14,59,macrophage,180,171183750,1.0515016758307958e-06,0.0010515016758307959
TSP14,59,mast_cell,0,1385624,0.0,0.0
TSP14,59,mature_NK_T_cell,25,51621261,4.842965769472389e-07,0.0004842965769472389
TSP14,59,memory_B_cell,48,96322595,4.983254448242388e-07,0.0004983254448242388
TSP14,59,mesenchymal_stem_cell,384,209643602,1.8316800338128135e-06,0.0018316800338128135
TSP14,59,monocyte,8,11313332,7.071303131561948e-07,0.0007071303131561948
TSP14,59,myofibroblast_cell,12,27293970,4.396575507337335e-07,0.0004396575507337335
TSP14,59,naive_B_cell,1,5007576,1.9969741847153194e-07,0.00019969741847153193
TSP14,59,naive_thymus-derived_CD4-positive_alpha-beta_T_cell,5,16537522,3.023427572764529e-07,0.0003023427572764529
TSP14,59,naive_thymus-derived_CD8-positive_alpha-beta_T_cell,1,1142471,8.752957405483378e-07,0.0008752957405483378
TSP14,59,neutrophil,292,122364969,2.386303877541946e-06,0.002386303877541946
TSP14,59,non-classical_monocyte,0,897042,0.0,0.0
TSP14,59,pericyte,12,27631429,4.34288071022313e-07,0.000434288071022313
TSP14,59,plasma_cell,259,189226103,1.368732938499505e-06,0.001368732938499505
TSP14,59,pulmonary_alveolar_type_1_cell,0,136995,0.0,0.0
TSP14,59,pulmonary_alveolar_type_2_cell,255,202417122,1.2597748524455358e-06,0.0012597748524455358
TSP14,59,regulatory_T_cell,2,18939694,1.0559832698458592e-07,0.00010559832698458592
TSP14,59,respiratory_goblet_cell,0,681326,0.0,0.0
TSP14,59,retinal_blood_vessel_endothelial_cell,0,127474,0.0,0.0
TSP14,59,skeletal_muscle_satellite_stem_cell,45,66517200,6.765167505547438e-07,0.0006765167505547437
TSP14,59,smooth_muscle_cell,2,4672931,4.279969038703974e-07,0.0004279969038703974
TSP14,59,stromal_cell,0,2720484,0.0,0.0
TSP14,59,type_I_NK_T_cell,46,78586297,5.853437781907449e-07,0.0005853437781907448
TSP14,59,vein_endothelial_cell,1,4608541,2.1698841346968596e-07,0.00021698841346968597
TSP15,46,B_cell,0,772457,0.0,0.0
TSP15,46,CD4-positive_alpha-beta_T_cell,0,303904,0.0,0.0
TSP15,46,CD4-positive_alpha-beta_memory_T_cell,0,124241,0.0,0.0
TSP15,46,CD8-positive_alpha-beta_T_cell,0,59245,0.0,0.0
TSP15,46,CD8-positive_alpha-beta_cytokine_secreting_effector_T_cell,0,55911,0.0,0.0
TSP15,46,CD8-positive_alpha-beta_memory_T_cell,0,253458,0.0,0.0
TSP15,46,Mueller_cell,33,9215106,3.581076549743432e-06,0.003581076549743432
TSP15,46,T_cell,1,907436,1.102006091889676e-06,0.001102006091889676
TSP15,46,basal_cell,0,354570,0.0,0.0
TSP15,46,basophil,1,42598,2.347528052960233e-05,0.02347528052960233
TSP15,46,bladder_urothelial_cell,0,247871,0.0,0.0
TSP15,46,capillary_endothelial_cell,0,137005,0.0,0.0
TSP15,46,classical_monocyte,1,601042,1.663777240192865e-06,0.0016637772401928651
TSP15,46,club_cell,0,50621,0.0,0.0
TSP15,46,common_myeloid_progenitor,0,6360,0.0,0.0
TSP15,46,conjunctival_epithelial_cell,111,67083350,1.6546579739980188e-06,0.0016546579739980189
TSP15,46,corneal_epithelial_cell,127,64682355,1.963441188868278e-06,0.001963441188868278
TSP15,46,dendritic_cell,1,1830847,5.461952855700121e-07,0.000546195285570012
TSP15,46,effector_CD4-positive_alpha-beta_T_cell,0,197679,0.0,0.0
TSP15,46,effector_CD8-positive_alpha-beta_T_cell,0,145714,0.0,0.0
TSP15,46,endothelial_cell,0,2635807,0.0,0.0
TSP15,46,endothelial_cell_of_artery,0,7278,0.0,0.0
TSP15,46,endothelial_cell_of_hepatic_sinusoid,0,11802,0.0,0.0
TSP15,46,endothelial_cell_of_vascular_tree,0,147733,0.0,0.0
TSP15,46,epithelial_cell,0,52127,0.0,0.0
TSP15,46,erythrocyte,0,248769,0.0,0.0
TSP15,46,erythroid_progenitor_cell,0,6103,0.0,0.0
TSP15,46,eye_photoreceptor_cell,78,18475625,4.221778694902067e-06,0.004221778694902067
TSP15,46,fast_muscle_cell,0,4047,0.0,0.0
TSP15,46,fibroblast,1,2860245,3.4962039965107886e-07,0.00034962039965107886
TSP15,46,granulocyte,0,6851,0.0,0.0
TSP15,46,hematopoietic_stem_cell,0,8402,0.0,0.0
TSP15,46,hepatocyte,0,42538,0.0,0.0
TSP15,46,innate_lymphoid_cell,0,36128,0.0,0.0
TSP15,46,intermediate_monocyte,0,18582,0.0,0.0
TSP15,46,keratinocyte,0,141257,0.0,0.0
TSP15,46,keratocyte,15,15236848,9.84455577689034e-07,0.000984455577689034
TSP15,46,leukocyte,0,42176,0.0,0.0
TSP15,46,lung_ciliated_cell,0,14424,0.0,0.0
TSP15,46,lung_microvascular_endothelial_cell,0,21119,0.0,0.0
TSP15,46,macrophage,4,5862271,6.823294248935267e-07,0.0006823294248935267
TSP15,46,mast_cell,0,64007,0.0,0.0
TSP15,46,mature_NK_T_cell,0,206546,0.0,0.0
TSP15,46,memory_B_cell,0,350153,0.0,0.0
TSP15,46,mesenchymal_stem_cell,0,1493368,0.0,0.0
TSP15,46,monocyte,1,684407,1.461118895627894e-06,0.001461118895627894
TSP15,46,myofibroblast_cell,0,140019,0.0,0.0
TSP15,46,naive_B_cell,0,192694,0.0,0.0
TSP15,46,naive_thymus-derived_CD4-positive_alpha-beta_T_cell,1,96477,1.036516475429377e-05,0.01036516475429377
TSP15,46,naive_thymus-derived_CD8-positive_alpha-beta_T_cell,0,24565,0.0,0.0
TSP15,46,neutrophil,1,824370,1.2130475393330665e-06,0.0012130475393330666
TSP15,46,non-classical_monocyte,0,27135,0.0,0.0
TSP15,46,pericyte,0,265799,0.0,0.0
TSP15,46,plasma_cell,2,776807,2.574642092566107e-06,0.002574642092566107
TSP15,46,pulmonary_alveolar_type_1_cell,0,2980,0.0,0.0
TSP15,46,pulmonary_alveolar_type_2_cell,2,781901,2.5578685792702655e-06,0.0025578685792702655
TSP15,46,regulatory_T_cell,0,12636,0.0,0.0
TSP15,46,respiratory_goblet_cell,0,29249,0.0,0.0
TSP15,46,retinal_blood_vessel_endothelial_cell,14,19113990,7.324478039383718e-07,0.0007324478039383718
TSP15,46,skeletal_muscle_satellite_stem_cell,0,164467,0.0,0.0
TSP15,46,smooth_muscle_cell,0,19888,0.0,0.0
TSP15,46,stromal_cell,2,7964260,2.511218870303079e-07,0.0002511218870303079
TSP15,46,type_I_NK_T_cell,0,195695,0.0,0.0
TSP15,46,vein_endothelial_cell,0,36150,0.0,0.0
TSP2,61,B_cell,6,12497944,4.80078963387898e-07,0.000480078963387898
TSP2,61,CD4-positive_alpha-beta_T_cell,77,70567457,1.0911545246699197e-06,0.0010911545246699197
TSP2,61,CD4-positive_alpha-beta_memory_T_cell,147,77214839,1.9037791427629603e-06,0.0019037791427629603
TSP2,61,CD8-positive_alpha-beta_T_cell,47,46656416,1.0073641318698805e-06,0.0010073641318698804
TSP2,61,CD8-positive_alpha-beta_cytokine_secreting_effector_T_cell,0,178300,0.0,0.0
TSP2,61,CD8-positive_alpha-beta_memory_T_cell,75,60600040,1.2376229454634023e-06,0.0012376229454634023
TSP2,61,Mueller_cell,0,42570,0.0,0.0
TSP2,61,T_cell,73,64141825,1.138102946088609e-06,0.001138102946088609
TSP2,61,basal_cell,79,90373555,8.741495230546148e-07,0.0008741495230546148
TSP2,61,basophil,6,3713608,1.6156794147362888e-06,0.0016156794147362888
TSP2,61,bladder_urothelial_cell,162,83489706,1.940358970721492e-06,0.0019403589707214922
TSP2,61,capillary_endothelial_cell,79,53638736,1.472816212522234e-06,0.001472816212522234
TSP2,61,classical_monocyte,57,42326775,1.3466653200013467e-06,0.0013466653200013467
TSP2,61,club_cell,28,33781940,8.288452350575485e-07,0.0008288452350575484
TSP2,61,common_myeloid_progenitor,4,4062090,9.84714765059366e-07,0.000984714765059366
TSP2,61,conjunctival_epithelial_cell,0,751961,0.0,0.0
TSP2,61,corneal_epithelial_cell,0,126418,0.0,0.0
TSP2,61,dendritic_cell,0,632531,0.0,0.0
TSP2,61,effector_CD4-positive_alpha-beta_T_cell,0,556360,0.0,0.0
TSP2,61,effector_CD8-positive_alpha-beta_T_cell,1,466829,2.1421119938992652e-06,0.0021421119938992653
TSP2,61,endothelial_cell,8,8477157,9.43712614972213e-07,0.000943712614972213
TSP2,61,endothelial_cell_of_artery,3,3704835,8.097526610496824e-07,0.0008097526610496824
TSP2,61,endothelial_cell_of_hepatic_sinusoid,0,50058,0.0,0.0
TSP2,61,endothelial_cell_of_vascular_tree,252,81453311,3.093796886906169e-06,0.003093796886906169
TSP2,61,epithelial_cell,0,232296,0.0,0.0
TSP2,61,erythrocyte,4,2357618,1.6966276979561574e-06,0.0016966276979561575
TSP2,61,erythroid_progenitor_cell,6,6185243,9.700508128783299e-07,0.0009700508128783298
TSP2,61,eye_photoreceptor_cell,0,106038,0.0,0.0
TSP2,61,fast_muscle_cell,2,238107,8.399585060498011e-06,0.00839958506049801
TSP2,61,fibroblast,132,81108972,1.6274401801073251e-06,0.001627440180107325
TSP2,61,granulocyte,4,3685714,1.0852714019590233e-06,0.0010852714019590234
TSP2,61,hematopoietic_stem_cell,2,5078999,3.93778380346206e-07,0.000393778380346206
TSP2,61,hepatocyte,0,183825,0.0,0.0
TSP2,61,innate_lymphoid_cell,6,11403205,5.261678624562129e-07,0.0005261678624562129
TSP2,61,intermediate_monocyte,6,12730270,4.713175761393906e-07,0.0004713175761393906
TSP2,61,keratinocyte,0,438618,0.0,0.0
TSP2,61,keratocyte,0,78646,0.0,0.0
TSP2,61,leukocyte,0,186219,0.0,0.0
TSP2,61,lung_ciliated_cell,12,15861576,7.565452512411125e-07,0.0007565452512411125
TSP2,61,lung_microvascular_endothelial_cell,4,9864678,4.054871329809245e-07,0.0004054871329809245
TSP2,61,macrophage,580,188574760,3.0757032383336985e-06,0.0030757032383336986
TSP2,61,mast_cell,6,7088628,8.46426134930483e-07,0.0008464261349304831
TSP2,61,mature_NK_T_cell,113,94520986,1.195501705832819e-06,0.0011955017058328191
TSP2,61,memory_B_cell,721,169233343,4.260389750736059e-06,0.004260389750736059
TSP2,61,mesenchymal_stem_cell,1652,198489231,8.322869667422914e-06,0.008322869667422914
TSP2,61,monocyte,648,142619974,4.5435431084849305e-06,0.004543543108484931
TSP2,61,myofibroblast_cell,60,47894412,1.2527557494598743e-06,0.0012527557494598743
TSP2,61,naive_B_cell,265,100276198,2.6427009129324986e-06,0.0026427009129324987
TSP2,61,naive_thymus-derived_CD4-positive_alpha-beta_T_cell,120,72035349,1.6658488043141152e-06,0.0016658488043141152
TSP2,61,naive_thymus-derived_CD8-positive_alpha-beta_T_cell,7,10559051,6.629383644420317e-07,0.0006629383644420317
TSP2,61,neutrophil,2,3238564,6.175576582707644e-07,0.0006175576582707644
TSP2,61,non-classical_monocyte,12,19976618,6.007022810367601e-07,0.0006007022810367601
TSP2,61,pericyte,67,44470151,1.506628569801798e-06,0.001506628569801798
TSP2,61,plasma_cell,94,79386869,1.1840749129430965e-06,0.0011840749129430966
TSP2,61,pulmonary_alveolar_type_1_cell,0,2819622,0.0,0.0
TSP2,61,pulmonary_alveolar_type_2_cell,209,127052448,1.6449899493475325e-06,0.0016449899493475326
TSP2,61,regulatory_T_cell,0,686140,0.0,0.0
TSP2,61,respiratory_goblet_cell,14,27914410,5.015330791515923e-07,0.0005015330791515924
TSP2,61,retinal_blood_vessel_endothelial_cell,0,63670,0.0,0.0
TSP2,61,skeletal_muscle_satellite_stem_cell,248,89093814,2.783582707549146e-06,0.0027835827075491457
TSP2,61,smooth_muscle_cell,2,4711023,4.2453624191603393e-07,0.0004245362419160339
TSP2,61,stromal_cell,0,47699,0.0,0.0
TSP2,61,type_I_NK_T_cell,0,453068,0.0,0.0
TSP2,61,vein_endothelial_cell,7,16739404,4.1817498400779383e-07,0.0004181749840077938
TSP3,57,B_cell,0,744598,0.0,0.0
TSP3,57,CD4-positive_alpha-beta_T_cell,0,261689,0.0,0.0
TSP3,57,CD4-positive_alpha-beta_memory_T_cell,0,205018,0.0,0.0
TSP3,57,CD8-positive_alpha-beta_T_cell,0,152619,0.0,0.0
TSP3,57,CD8-positive_alpha-beta_cytokine_secreting_effector_T_cell,0,106597,0.0,0.0
TSP3,57,CD8-positive_alpha-beta_memory_T_cell,0,249399,0.0,0.0
TSP3,57,Mueller_cell,0,70133,0.0,0.0
TSP3,57,T_cell,1,555812,1.7991695033572502e-06,0.0017991695033572502
TSP3,57,basal_cell,0,479878,0.0,0.0
TSP3,57,basophil,0,57238,0.0,0.0
TSP3,57,bladder_urothelial_cell,0,288112,0.0,0.0
TSP3,57,capillary_endothelial_cell,0,258896,0.0,0.0
TSP3,57,classical_monocyte,2,660887,3.0262359525909875e-06,0.0030262359525909874
TSP3,57,club_cell,0,82201,0.0,0.0
TSP3,57,common_myeloid_progenitor,0,18476,0.0,0.0
TSP3,57,conjunctival_epithelial_cell,20,2681104,7.459613651689752e-06,0.007459613651689752
TSP3,57,corneal_epithelial_cell,0,139958,0.0,0.0
TSP3,57,dendritic_cell,0,32797,0.0,0.0
TSP3,57,effector_CD4-positive_alpha-beta_T_cell,0,303197,0.0,0.0
TSP3,57,effector_CD8-positive_alpha-beta_T_cell,0,226915,0.0,0.0
TSP3,57,endothelial_cell,1,256348,3.900947149968012e-06,0.003900947149968012
TSP3,57,endothelial_cell_of_artery,0,22477,0.0,0.0
TSP3,57,endothelial_cell_of_hepatic_sinusoid,0,32187,0.0,0.0
TSP3,57,endothelial_cell_of_vascular_tree,0,164998,0.0,0.0
TSP3,57,epithelial_cell,0,118559,0.0,0.0
TSP3,57,erythrocyte,1,579470,1.725714877387958e-06,0.001725714877387958
TSP3,57,erythroid_progenitor_cell,0,19528,0.0,0.0
TSP3,57,eye_photoreceptor_cell,0,200688,0.0,0.0
TSP3,57,fast_muscle_cell,0,9987,0.0,0.0
TSP3,57,fibroblast,0,1182466,0.0,0.0
TSP3,57,granulocyte,0,30864,0.0,0.0
TSP3,57,hematopoietic_stem_cell,0,18818,0.0,0.0
TSP3,57,hepatocyte,0,127334,0.0,0.0
TSP3,57,innate_lymphoid_cell,0,102618,0.0,0.0
TSP3,57,intermediate_monocyte,0,41632,0.0,0.0
TSP3,57,keratinocyte,0,229427,0.0,0.0
TSP3,57,keratocyte,0,107020,0.0,0.0
TSP3,57,leukocyte,0,97048,0.0,0.0
TSP3,57,lung_ciliated_cell,0,44488,0.0,0.0
TSP3,57,lung_microvascular_endothelial_cell,0,26210,0.0,0.0
TSP3,57,macrophage,2,2095020,9.546448243930846e-07,0.0009546448243930845
TSP3,57,mast_cell,0,82188,0.0,0.0
TSP3,57,mature_NK_T_cell,0,449629,0.0,0.0
TSP3,57,memory_B_cell,1,581911,1.7184758493996504e-06,0.0017184758493996503
TSP3,57,mesenchymal_stem_cell,2,1056499,1.8930448585374903e-06,0.0018930448585374902
TSP3,57,monocyte,0,658885,0.0,0.0
TSP3,57,myofibroblast_cell,0,164159,0.0,0.0
TSP3,57,naive_B_cell,1,318837,3.136398849568902e-06,0.003136398849568902
TSP3,57,naive_thymus-derived_CD4-positive_alpha-beta_T_cell,0,160297,0.0,0.0
TSP3,57,naive_thymus-derived_CD8-positive_alpha-beta_T_cell,0,32804,0.0,0.0
TSP3,57,neutrophil,1,1102067,9.073858485917825e-07,0.0009073858485917825
TSP3,57,non-classical_monocyte,0,51629,0.0,0.0
TSP3,57,pericyte,0,136117,0.0,0.0
TSP3,57,plasma_cell,0,465154,0.0,0.0
TSP3,57,pulmonary_alveolar_type_1_cell,0,17086,0.0,0.0
TSP3,57,pulmonary_alveolar_type_2_cell,1,572355,1.7471674048448951e-06,0.0017471674048448952
TSP3,57,regulatory_T_cell,0,40829,0.0,0.0
TSP3,57,respiratory_goblet_cell,0,47681,0.0,0.0
TSP3,57,retinal_blood_vessel_endothelial_cell,0,41367,0.0,0.0
TSP3,57,skeletal_muscle_satellite_stem_cell,0,296347,0.0,0.0
TSP3,57,smooth_muscle_cell,0,28808,0.0,0.0
TSP3,57,stromal_cell,0,37162,0.0,0.0
TSP3,57,type_I_NK_T_cell,1,266629,3.750529762328929e-06,0.003750529762328929
TSP3,57,vein_endothelial_cell,0,69546,0.0,0.0
TSP5,40,B_cell,1,547823,1.8254071114210247e-06,0.0018254071114210248
TSP5,40,CD4-positive_alpha-beta_T_cell,0,200598,0.0,0.0
TSP5,40,CD4-positive_alpha-beta_memory_T_cell,0,42956,0.0,0.0
TSP5,40,CD8-positive_alpha-beta_T_cell,0,41905,0.0,0.0
TSP5,40,CD8-positive_alpha-beta_cytokine_secreting_effector_T_cell,0,29536,0.0,0.0
TSP5,40,CD8-positive_alpha-beta_memory_T_cell,0,51522,0.0,0.0
TSP5,40,Mueller_cell,5,1749804,2.8574628929868715e-06,0.0028574628929868714
TSP5,40,T_cell,2,1528533,1.3084441094827525e-06,0.0013084441094827525
TSP5,40,basal_cell,0,102197,0.0,0.0
TSP5,40,basophil,0,25780,0.0,0.0
TSP5,40,bladder_urothelial_cell,0,81147,0.0,0.0
TSP5,40,capillary_endothelial_cell,0,61944,0.0,0.0
TSP5,40,classical_monocyte,0,198310,0.0,0.0
TSP5,40,club_cell,0,18191,0.0,0.0
TSP5,40,common_myeloid_progenitor,0,3997,0.0,0.0
TSP5,40,conjunctival_epithelial_cell,137,26530142,5.163937682655449e-06,0.005163937682655449
TSP5,40,corneal_epithelial_cell,9,2998141,3.0018601526746074e-06,0.0030018601526746076
TSP5,40,dendritic_cell,1,306462,3.263047294607488e-06,0.003263047294607488
TSP5,40,effector_CD4-positive_alpha-beta_T_cell,0,67060,0.0,0.0
TSP5,40,effector_CD8-positive_alpha-beta_T_cell,0,55966,0.0,0.0
TSP5,40,endothelial_cell,0,86740,0.0,0.0
TSP5,40,endothelial_cell_of_artery,0,6443,0.0,0.0
TSP5,40,endothelial_cell_of_hepatic_sinusoid,0,6874,0.0,0.0
TSP5,40,endothelial_cell_of_vascular_tree,0,51756,0.0,0.0
TSP5,40,epithelial_cell,0,32281,0.0,0.0
TSP5,40,erythrocyte,0,131747,0.0,0.0
TSP5,40,erythroid_progenitor_cell,0,6069,0.0,0.0
TSP5,40,eye_photoreceptor_cell,117,24186275,4.83745430001106e-06,0.00483745430001106
TSP5,40,fast_muscle_cell,0,4459,0.0,0.0
TSP5,40,fibroblast,1,480342,2.081850015197505e-06,0.0020818500151975053
TSP5,40,granulocyte,0,12094,0.0,0.0
TSP5,40,hematopoietic_stem_cell,0,5010,0.0,0.0
TSP5,40,hepatocyte,0,51057,0.0,0.0
TSP5,40,innate_lymphoid_cell,0,30688,0.0,0.0
TSP5,40,intermediate_monocyte,0,7782,0.0,0.0
TSP5,40,keratinocyte,0,83781,0.0,0.0
TSP5,40,keratocyte,12,5180058,2.31657637810233e-06,0.00231657637810233
TSP5,40,leukocyte,0,32120,0.0,0.0
TSP5,40,lung_ciliated_cell,0,21036,0.0,0.0
TSP5,40,lung_microvascular_endothelial_cell,0,16169,0.0,0.0
TSP5,40,macrophage,1,1194704,8.370274143218739e-07,0.000837027414321874
TSP5,40,mast_cell,0,20422,0.0,0.0
TSP5,40,mature_NK_T_cell,0,134903,0.0,0.0
TSP5,40,memory_B_cell,1,139880,7.148984844152131e-06,0.007148984844152131
TSP5,40,mesenchymal_stem_cell,0,427766,0.0,0.0
TSP5,40,monocyte,0,878824,0.0,0.0
TSP5,40,myofibroblast_cell,0,46029,0.0,0.0
TSP5,40,naive_B_cell,0,96918,0.0,0.0
TSP5,40,naive_thymus-derived_CD4-positive_alpha-beta_T_cell,0,45994,0.0,0.0
TSP5,40,naive_thymus-derived_CD8-positive_alpha-beta_T_cell,0,10725,0.0,0.0
TSP5,40,neutrophil,0,266572,0.0,0.0
TSP5,40,non-classical_monocyte,0,18039,0.0,0.0
TSP5,40,pericyte,0,49153,0.0,0.0
TSP5,40,plasma_cell,0,216871,0.0,0.0
TSP5,40,pulmonary_alveolar_type_1_cell,0,3586,0.0,0.0
TSP5,40,pulmonary_alveolar_type_2_cell,0,171015,0.0,0.0
TSP5,40,regulatory_T_cell,0,14105,0.0,0.0
TSP5,40,respiratory_goblet_cell,0,11880,0.0,0.0
TSP5,40,retinal_blood_vessel_endothelial_cell,0,348624,0.0,0.0
TSP5,40,skeletal_muscle_satellite_stem_cell,0,86014,0.0,0.0
TSP5,40,smooth_muscle_cell,0,5108,0.0,0.0
TSP5,40,stromal_cell,0,431813,0.0,0.0
TSP5,40,type_I_NK_T_cell,0,49776,0.0,0.0
TSP5,40,vein_endothelial_cell,0,15852,0.0,0.0
TSP6,67,B_cell,2,857487,2.3323968759876244e-06,0.0023323968759876245
TSP6,67,CD4-positive_alpha-beta_T_cell,0,91616,0.0,0.0
TSP6,67,CD4-positive_alpha-beta_memory_T_cell,0,137047,0.0,0.0
TSP6,67,CD8-positive_alpha-beta_T_cell,0,75211,0.0,0.0
TSP6,67,CD8-positive_alpha-beta_cytokine_secreting_effector_T_cell,0,87297,0.0,0.0
TSP6,67,CD8-positive_alpha-beta_memory_T_cell,0,119449,0.0,0.0
TSP6,67,Mueller_cell,0,12822,0.0,0.0
TSP6,67,T_cell,0,409205,0.0,0.0
TSP6,67,basal_cell,0,704146,0.0,0.0
TSP6,67,basophil,0,21207,0.0,0.0
TSP6,67,bladder_urothelial_cell,0,89717,0.0,0.0
TSP6,67,capillary_endothelial_cell,0,73580,0.0,0.0
TSP6,67,classical_monocyte,0,523984,0.0,0.0
TSP6,67,club_cell,0,32306,0.0,0.0
TSP6,67,common_myeloid_progenitor,0,9473,0.0,0.0
TSP6,67,conjunctival_epithelial_cell,0,218883,0.0,0.0
TSP6,67,corneal_epithelial_cell,0,37657,0.0,0.0
TSP6,67,dendritic_cell,0,16457,0.0,0.0
TSP6,67,effector_CD4-positive_alpha-beta_T_cell,0,216578,0.0,0.0
TSP6,67,effector_CD8-positive_alpha-beta_T_cell,0,139384,0.0,0.0
TSP6,67,endothelial_cell,0,141093,0.0,0.0
TSP6,67,endothelial_cell_of_artery,0,14125,0.0,0.0
TSP6,67,endothelial_cell_of_hepatic_sinusoid,15,12741525,1.1772531153060563e-06,0.0011772531153060562
TSP6,67,endothelial_cell_of_vascular_tree,0,81623,0.0,0.0
TSP6,67,epithelial_cell,1,898044,1.1135311855543826e-06,0.0011135311855543827
TSP6,67,erythrocyte,0,397832,0.0,0.0
TSP6,67,erythroid_progenitor_cell,0,11468,0.0,0.0
TSP6,67,eye_photoreceptor_cell,0,49658,0.0,0.0
TSP6,67,fast_muscle_cell,0,9394,0.0,0.0
TSP6,67,fibroblast,2,3519246,5.683035513857229e-07,0.0005683035513857229
TSP6,67,granulocyte,0,21282,0.0,0.0
TSP6,67,hematopoietic_stem_cell,0,33198,0.0,0.0
TSP6,67,hepatocyte,5,2761959,1.810309276857477e-06,0.0018103092768574768
TSP6,67,innate_lymphoid_cell,0,64262,0.0,0.0
TSP6,67,intermediate_monocyte,0,48833,0.0,0.0
TSP6,67,keratinocyte,0,110323,0.0,0.0
TSP6,67,keratocyte,0,22236,0.0,0.0
TSP6,67,leukocyte,0,110768,0.0,0.0
TSP6,67,lung_ciliated_cell,0,21295,0.0,0.0
TSP6,67,lung_microvascular_endothelial_cell,0,17981,0.0,0.0
TSP6,67,macrophage,55,23928011,2.2985612970505573e-06,0.002298561297050557
TSP6,67,mast_cell,0,43410,0.0,0.0
TSP6,67,mature_NK_T_cell,11,9225778,1.192311369295901e-06,0.001192311369295901
TSP6,67,memory_B_cell,0,519102,0.0,0.0
TSP6,67,mesenchymal_stem_cell,1,761388,1.3133908073150615e-06,0.0013133908073150616
TSP6,67,monocyte,14,17690748,7.913741126152495e-07,0.0007913741126152496
TSP6,67,myofibroblast_cell,0,88359,0.0,0.0
TSP6,67,naive_B_cell,0,144275,0.0,0.0
TSP6,67,naive_thymus-derived_CD4-positive_alpha-beta_T_cell,0,123024,0.0,0.0
TSP6,67,naive_thymus-derived_CD8-positive_alpha-beta_T_cell,0,31997,0.0,0.0
TSP6,67,neutrophil,0,503868,0.0,0.0
TSP6,67,non-classical_monocyte,0,34911,0.0,0.0
TSP6,67,pericyte,0,94661,0.0,0.0
TSP6,67,plasma_cell,0,739905,0.0,0.0
TSP6,67,pulmonary_alveolar_type_1_cell,0,10627,0.0,0.0
TSP6,67,pulmonary_alveolar_type_2_cell,0,242984,0.0,0.0
TSP6,67,regulatory_T_cell,0,53230,0.0,0.0
TSP6,67,respiratory_goblet_cell,0,22378,0.0,0.0
TSP6,67,retinal_blood_vessel_endothelial_cell,0,15718,0.0,0.0
TSP6,67,skeletal_muscle_satellite_stem_cell,0,93863,0.0,0.0
TSP6,67,smooth_muscle_cell,0,13171,0.0,0.0
TSP6,67,stromal_cell,0,15810,0.0,0.0
TSP6,67,type_I_NK_T_cell,0,185447,0.0,0.0
TSP6,67,vein_endothelial_cell,0,38400,0.0,0.0
TSP7,69,B_cell,906,190469935,4.756656214535905e-06,0.004756656214535905
TSP7,69,CD4-positive_alpha-beta_T_cell,0,981782,0.0,0.0
TSP7,69,CD4-positive_alpha-beta_memory_T_cell,33,47982691,6.877480047961461e-07,0.0006877480047961461
TSP7,69,CD8-positive_alpha-beta_T_cell,5,8638511,5.788034535118379e-07,0.0005788034535118379
TSP7,69,CD8-positive_alpha-beta_cytokine_secreting_effector_T_cell,52,60449484,8.602223966047419e-07,0.0008602223966047419
TSP7,69,CD8-positive_alpha-beta_memory_T_cell,42,35628982,1.1788156057896912e-06,0.0011788156057896911
TSP7,69,Mueller_cell,1,35462,2.8199199142744347e-05,0.028199199142744345
TSP7,69,T_cell,32,30082226,1.0637510668259724e-06,0.0010637510668259724
TSP7,69,basal_cell,673,173713692,3.874190872645779e-06,0.003874190872645779
TSP7,69,basophil,1,409147,2.444109329898545e-06,0.002444109329898545
TSP7,69,bladder_urothelial_cell,1,1272824,7.856545759665123e-07,0.0007856545759665122
TSP7,69,capillary_endothelial_cell,2,1919769,1.0417920072675411e-06,0.001041792007267541
TSP7,69,classical_monocyte,313,105283300,2.9729311296283457e-06,0.0029729311296283457
TSP7,69,club_cell,0,233466,0.0,0.0
TSP7,69,common_myeloid_progenitor,0,15207,0.0,0.0
TSP7,69,conjunctival_epithelial_cell,7,2445654,2.862220085097892e-06,0.002862220085097892
TSP7,69,corneal_epithelial_cell,1,224838,4.44764675010452e-06,0.00444764675010452
TSP7,69,dendritic_cell,0,30458,0.0,0.0
TSP7,69,effector_CD4-positive_alpha-beta_T_cell,110,77931896,1.4114888209572112e-06,0.0014114888209572113
TSP7,69,effector_CD8-positive_alpha-beta_T_cell,42,42693660,9.837526227547602e-07,0.0009837526227547602
TSP7,69,endothelial_cell,75,35716515,2.0998689261816277e-06,0.002099868926181628
TSP7,69,endothelial_cell_of_artery,0,180605,0.0,0.0
TSP7,69,endothelial_cell_of_hepatic_sinusoid,0,176681,0.0,0.0
TSP7,69,endothelial_cell_of_vascular_tree,0,1091033,0.0,0.0
TSP7,69,epithelial_cell,761,103630472,7.343399921984337e-06,0.0073433999219843366
TSP7,69,erythrocyte,35,12580635,2.782053529094517e-06,0.002782053529094517
TSP7,69,erythroid_progenitor_cell,0,40894,0.0,0.0
TSP7,69,eye_photoreceptor_cell,0,322686,0.0,0.0
TSP7,69,fast_muscle_cell,0,26006,0.0,0.0
TSP7,69,fibroblast,6,13157773,4.560042189510337e-07,0.0004560042189510337
TSP7,69,granulocyte,0,99591,0.0,0.0
TSP7,69,hematopoietic_stem_cell,2,5548108,3.6048324942484895e-07,0.000360483249424849
TSP7,69,hepatocyte,1,547173,1.8275755565424464e-06,0.0018275755565424464
TSP7,69,innate_lymphoid_cell,12,16138662,7.435560643131383e-07,0.0007435560643131383
TSP7,69,intermediate_monocyte,5,7412024,6.74579575025661e-07,0.000674579575025661
TSP7,69,keratinocyte,2,1500136,1.3332124554040434e-06,0.0013332124554040433
TSP7,69,keratocyte,0,95552,0.0,0.0
TSP7,69,leukocyte,31,47804625,6.484728203599547e-07,0.0006484728203599546
TSP7,69,lung_ciliated_cell,0,256545,0.0,0.0
TSP7,69,lung_microvascular_endothelial_cell,0,78036,0.0,0.0
TSP7,69,macrophage,123,50488132,2.4362160992607135e-06,0.0024362160992607135
TSP7,69,mast_cell,2,2799299,7.144645855980372e-07,0.0007144645855980372
TSP7,69,mature_NK_T_cell,211,106489266,1.981420362123634e-06,0.001981420362123634
TSP7,69,memory_B_cell,240,118790972,2.0203555536190072e-06,0.002020355553619007
TSP7,69,mesenchymal_stem_cell,11,9771063,1.1257731118917153e-06,0.0011257731118917153
TSP7,69,monocyte,3,4278435,7.011909728674153e-07,0.0007011909728674153
TSP7,69,myofibroblast_cell,0,1061942,0.0,0.0
TSP7,69,naive_B_cell,42,50189959,8.368207672773752e-07,0.0008368207672773752
TSP7,69,naive_thymus-derived_CD4-positive_alpha-beta_T_cell,31,32851811,9.436313876273061e-07,0.0009436313876273061
TSP7,69,naive_thymus-derived_CD8-positive_alpha-beta_T_cell,6,6287133,9.543300579135195e-07,0.0009543300579135196
TSP7,69,neutrophil,106,34835522,3.0428710096550295e-06,0.0030428710096550293
TSP7,69,non-classical_monocyte,0,572851,0.0,0.0
TSP7,69,pericyte,1,2222805,4.4988201844066393e-07,0.00044988201844066395
TSP7,69,plasma_cell,267,113301140,2.3565517522595096e-06,0.0023565517522595096
TSP7,69,pulmonary_alveolar_type_1_cell,0,23140,0.0,0.0
TSP7,69,pulmonary_alveolar_type_2_cell,6,4237935,1.4157838664349501e-06,0.0014157838664349501
TSP7,69,regulatory_T_cell,13,17725091,7.334235970918287e-07,0.0007334235970918288
TSP7,69,respiratory_goblet_cell,0,105235,0.0,0.0
TSP7,69,retinal_blood_vessel_endothelial_cell,0,121438,0.0,0.0
TSP7,69,skeletal_muscle_satellite_stem_cell,0,1595554,0.0,0.0
TSP7,69,smooth_muscle_cell,0,45642,0.0,0.0
TSP7,69,stromal_cell,0,193774,0.0,0.0
TSP7,69,type_I_NK_T_cell,136,85610163,1.5885964380186965e-06,0.0015885964380186965
TSP7,69,vein_endothelial_cell,0,3063791,0.0,0.0
TSP8,56,B_cell,1,72061,1.3877131874384203e-05,0.013877131874384203
TSP8,56,CD4-positive_alpha-beta_T_cell,0,26173,0.0,0.0
TSP8,56,CD4-positive_alpha-beta_memory_T_cell,1,406456,2.4602909047965833e-06,0.002460290904796583
TSP8,56,CD8-positive_alpha-beta_T_cell,1,144844,6.903979453757146e-06,0.006903979453757146
TSP8,56,CD8-positive_alpha-beta_cytokine_secreting_effector_T_cell,0,183460,0.0,0.0
TSP8,56,CD8-positive_alpha-beta_memory_T_cell,0,20864,0.0,0.0
TSP8,56,Mueller_cell,0,161,0.0,0.0
TSP8,56,T_cell,0,41290,0.0,0.0
TSP8,56,basal_cell,0,60965,0.0,0.0
TSP8,56,basophil,0,10155,0.0,0.0
TSP8,56,bladder_urothelial_cell,0,18010,0.0,0.0
TSP8,56,capillary_endothelial_cell,0,10367,0.0,0.0
TSP8,56,classical_monocyte,13,7156798,1.816454788859487e-06,0.0018164547888594872
TSP8,56,club_cell,0,1491,0.0,0.0
TSP8,56,common_myeloid_progenitor,0,56,0.0,0.0
TSP8,56,conjunctival_epithelial_cell,1,90400,1.1061946902654867e-05,0.011061946902654867
TSP8,56,corneal_epithelial_cell,0,4662,0.0,0.0
TSP8,56,dendritic_cell,0,792,0.0,0.0
TSP8,56,effector_CD4-positive_alpha-beta_T_cell,0,34028,0.0,0.0
TSP8,56,effector_CD8-positive_alpha-beta_T_cell,0,15130,0.0,0.0
TSP8,56,endothelial_cell,0,23014,0.0,0.0
TSP8,56,endothelial_cell_of_artery,0,436,0.0,0.0
TSP8,56,endothelial_cell_of_hepatic_sinusoid,0,1690,0.0,0.0
TSP8,56,endothelial_cell_of_vascular_tree,0,13743,0.0,0.0
TSP8,56,epithelial_cell,0,7170,0.0,0.0
TSP8,56,erythrocyte,0,75547,0.0,0.0
TSP8,56,eye_photoreceptor_cell,0,2144,0.0,0.0
TSP8,56,fibroblast,0,139116,0.0,0.0
TSP8,56,granulocyte,0,903,0.0,0.0
TSP8,56,hematopoietic_stem_cell,0,1984,0.0,0.0
TSP8,56,hepatocyte,0,4217,0.0,0.0
TSP8,56,innate_lymphoid_cell,0,5306,0.0,0.0
TSP8,56,intermediate_monocyte,0,4035,0.0,0.0
TSP8,56,keratinocyte,0,25054,0.0,0.0
TSP8,56,keratocyte,0,690,0.0,0.0
TSP8,56,leukocyte,0,8218,0.0,0.0
TSP8,56,lung_ciliated_cell,0,443,0.0,0.0
TSP8,56,lung_microvascular_endothelial_cell,0,867,0.0,0.0
TSP8,56,macrophage,0,325638,0.0,0.0
TSP8,56,mast_cell,0,4860,0.0,0.0
TSP8,56,mature_NK_T_cell,0,131160,0.0,0.0
TSP8,56,memory_B_cell,3,1353054,2.2172064086134036e-06,0.0022172064086134037
TSP8,56,mesenchymal_stem_cell,0,203990,0.0,0.0
TSP8,56,monocyte,0,125349,0.0,0.0
TSP8,56,myofibroblast_cell,0,13391,0.0,0.0
TSP8,56,naive_B_cell,0,305083,0.0,0.0
TSP8,56,naive_thymus-derived_CD4-positive_alpha-beta_T_cell,1,86128,1.1610626044956345e-05,0.011610626044956345
TSP8,56,naive_thymus-derived_CD8-positive_alpha-beta_T_cell,0,3170,0.0,0.0
TSP8,56,neutrophil,18,7296899,2.466801308336596e-06,0.002466801308336596
TSP8,56,non-classical_monocyte,0,5023,0.0,0.0
TSP8,56,pericyte,0,23666,0.0,0.0
TSP8,56,plasma_cell,0,314842,0.0,0.0
TSP8,56,pulmonary_alveolar_type_1_cell,0,104,0.0,0.0
TSP8,56,pulmonary_alveolar_type_2_cell,0,59495,0.0,0.0
TSP8,56,regulatory_T_cell,0,4834,0.0,0.0
TSP8,56,respiratory_goblet_cell,0,5720,0.0,0.0
TSP8,56,retinal_blood_vessel_endothelial_cell,0,540,0.0,0.0
TSP8,56,skeletal_muscle_satellite_stem_cell,0,27512,0.0,0.0
TSP8,56,smooth_muscle_cell,0,742,0.0,0.0
TSP8,56,stromal_cell,0,78,0.0,0.0
TSP8,56,type_I_NK_T_cell,0,322763,0.0,0.0
TSP8,56,vein_endothelial_cell,0,3569,0.0,0.0
