__mclCluster,EnrichmentMap::-log10(pvalue) (non_mouse_down),EnrichmentMap::-log10(pvalue)*sign(NES) (non_mouse_down),EnrichmentMap::-log10(pvalue)_max,EnrichmentMap::Colouring (non_mouse_down),EnrichmentMap::ES (non_mouse_down),EnrichmentMap::fdr_qvalue (non_mouse_down),EnrichmentMap::fwer_qvalue (non_mouse_down),EnrichmentMap::Genes,EnrichmentMap::GS_DESCR,EnrichmentMap::gs_size,EnrichmentMap::GS_Type,EnrichmentMap::Name,EnrichmentMap::NES (non_mouse_down),EnrichmentMap::pvalue (non_mouse_down),name,selected,shared name
9,2.3793055119744699,2.3793055119744699,2.3793055119744699,0.99582463460000004,,4.1309222999999999E-2,,CES1F|CES1B|CES1C|CES1E|CYP7B1|CES1G|CYP8B1|ERRFI1|FGFR4|ACOX2|CYP27A1|CYP39A1|STARD4|NR1D1|CYP7A1|STAR|HSD17B10|AKR1D1|SLC27A5|HNF1A|AMACR|SLC27A2|SIRT1|PROX1|ABCD3|BAAT|CES1D,https://www.gsea-msigdb.org/gsea/msigdb/mouse/geneset/GOBP_BILE_ACID_BIOSYNTHETIC_PROCESS,27,ENR,GOBP_BILE_ACID_BIOSYNTHETIC_PROCESS,1,4.1753653999999996E-3,GOBP_BILE_ACID_BIOSYNTHETIC_PROCESS,FALSE,GOBP_BILE_ACID_BIOSYNTHETIC_PROCESS
6,2.2148438676778102,2.2148438676778102,2.2148438676778102,0.9939024393,,5.0125040000000003E-2,,NEDD4L|CACNA1C|DSC2|DSG2|DSP|PKP2|GJA5|CAV3|GPD1L|KCNE1|KCNE2|JUP|KCNE3|DLG1|KCNH2|KCND3|KCNE4|RNF207|RYR2|SCN2B|SCN3B|BIN1|SCN5A|KCNJ8|TRPM4|KCNQ1|ANK2|SNTA1|CAV1|CTNNA3,https://www.gsea-msigdb.org/gsea/msigdb/mouse/geneset/GOBP_VENTRICULAR_CARDIAC_MUSCLE_CELL_ACTION_POTENTIAL,30,ENR,GOBP_VENTRICULAR_CARDIAC_MUSCLE_CELL_ACTION_POTENTIAL,1,6.0975606999999999E-3,GOBP_VENTRICULAR_CARDIAC_MUSCLE_CELL_ACTION_POTENTIAL,FALSE,GOBP_VENTRICULAR_CARDIAC_MUSCLE_CELL_ACTION_POTENTIAL
16,2.3873898534387101,2.3873898534387101,2.3873898534387101,0.9959016396,,5.9725430000000003E-2,,BECN1|PPP2CB|LCT|MAP1LC3A|BACE1|STAR|NCAM1|CDK4|ALAD|PPP1CA|CLDN1|PTGS2|MECP2|FECH|UCP2|MAPT|CAT|PLSCR1|SLC34A1|PPP5C|DNMT3A|SERPINA1A|SERPINA1B|SERPINA1C|SERPINA1D|SERPINA1E,https://www.gsea-msigdb.org/gsea/msigdb/mouse/geneset/GOBP_RESPONSE_TO_LEAD_ION,26,ENR,GOBP_RESPONSE_TO_LEAD_ION,1,4.0983603999999998E-3,GOBP_RESPONSE_TO_LEAD_ION,FALSE,GOBP_RESPONSE_TO_LEAD_ION
,1.7976137296102099,1.7976137296102099,1.7976137296102099,0.98406374500000005,,9.7140050000000006E-2,,CTNS|OGT|NDUFC2|UCP1|INS1|SPHK2|INS2|PPARA|PARK7|TLR6|ALOX5|RHOA|TLR4|CYBA|ABCD1|SLC25A33|ALOX12|STAT3|HBP1|PLCG2|RAB27A|NOX4|ABCD2|NCF2|FYN|MPV17L|CD36|FOXO3|IL4|GRIN1|ZFP13|HSPD1|CFLAR|PIKFYVE|MFN2|SOD2|ABCB7|PTGR1|ADCY10|DUOXA1|DUOXA2|ARG2|SIRT1|HDAC4|HIF1A|CLCN3|LCN2|HVCN1|SLC5A3,https://www.gsea-msigdb.org/gsea/msigdb/mouse/geneset/GOBP_REGULATION_OF_REACTIVE_OXYGEN_SPECIES_BIOSYNTHETIC_PROCESS,49,ENR,GOBP_REGULATION_OF_REACTIVE_OXYGEN_SPECIES_BIOSYNTHETIC_PROCESS,1,1.5936255E-2,GOBP_REGULATION_OF_REACTIVE_OXYGEN_SPECIES_BIOSYNTHETIC_PROCESS,FALSE,GOBP_REGULATION_OF_REACTIVE_OXYGEN_SPECIES_BIOSYNTHETIC_PROCESS
2,2.7084209139887099,2.7084209139887099,2.7084209139887099,1,,2.7073943999999999E-5,,IDO1|IDO2|IL4I1|KMO|ACMSD|KYNU|PAH|GSTZ1|HAAO|FAH|AFMID|HGD|HPD|TAT|QDPR|TDO2,https://www.gsea-msigdb.org/gsea/msigdb/mouse/geneset/GOBP_ERYTHROSE_4_PHOSPHATE_PHOSPHOENOLPYRUVATE_FAMILY_AMINO_ACID_CATABOLIC_PROCESS,16,ENR,GOBP_ERYTHROSE_4_PHOSPHATE_PHOSPHOENOLPYRUVATE_FAMILY_AMINO_ACID_CATABOLIC_PROCESS,1,0,GOBP_ERYTHROSE_4_PHOSPHATE_PHOSPHOENOLPYRUVATE_FAMILY_AMINO_ACID_CATABOLIC_PROCESS,FALSE,GOBP_ERYTHROSE_4_PHOSPHATE_PHOSPHOENOLPYRUVATE_FAMILY_AMINO_ACID_CATABOLIC_PROCESS
,1.8352374943705301,1.8352374943705301,1.8352374943705301,0.98538622200000003,,6.5911114000000007E-2,,MKNK2|EEF2|OGT|MSI2|RPL10|NANOS1|UPF1|NANOS3|UPF3A|NEURL1A|UPF3B|RPL13A|NOLC1|OGFOD1|OTUD6B|ERBB2|PAIP2|PAIP2B|RPL26|PATL1|ZFP36L1|PLXNB2|POLDIP3|POLR2G|PPP1R15A|RPS27L|PPP1R15B|PRKCH|PRR16|PSTK|RPL38|PUM1|RPL5|RBMS3|RNF139|RPS6KB2|RXRA|SAMD4|SAMD4B|SARNP|SECISBP2|RPS14|SEPSECS|SERBP1|SERP1|SLC35A4|SRP9|MAPK1|SSB|TMED2|AKT2|TNRC6A|ALKBH3|TNRC6B|TNRC6C|CNBP|TOB1|CPEB1|TPR|CPEB2|CPEB3|CPEB4|TRNAU1AP|CSDE1|DHX29|UHMK1|DHX36|WTIP|DHX9|NCK2|YBX2|YTHDF1|EIF2AK4|YTHDF3|EIF2B5|ZFP36|ZFP598|ZFP706|TARBP2|INPP5E|EIF3B|RARA|EIF3D|TSC1|EIF3E|EIF3K|USP16|GZMB|SCRIB|GZMC|EIF4EBP1|IGFBP5|EIF5|ETF1|ITGA2|FMR1|HNRNPD|HNRNPU|IGF2BP1|IMPACT|LIN28A|MVK|MCTS1|METTL3|MIF4GD|NCBP1|NCBP2|NCK1|NMNAT2|PABPC1|AKAP6|PAIP1|ZCCHC4|PARP16|SOX4|PIWIL2|PKP1|RBM24|RBM4|RPLP1|XBP1|PRKCA|PURA|RPS3|RPS4X|TYMS|PRMT1|RPS9|SH3BGRL|ANG|SMYD5|BCL3|SYNCRIP|UNK|YBX1|YTHDF2|ZFP385A|ACO1|DAPK1|WT1|AKT1|PLD1|MAPKAPK5|PTAFR|CYP1B1|EIF5A|GZMN|ALKBH5|CASC3|EIF2AK3|RGS2|RPS6KB1|CIRBP|ELAVL1|CNOT6L|PML|PINK1|PTK2B|SHMT2|KRT13|SESN2|S100A9|SHMT1|DUS3L|KRT17|TNF|KLHL25|EIF1|ELAVL4|ERN1|HABP4|ABCF1|ALKBH1|ILF3|C1QBP|CDK5RAP1|KHDRBS1|FASTKD2|FASTKD3|CALR|LRPPRC|MAGOH|METTL8|MPV17L2|PUM2|METTL14|CDK4|MRPL13|TRAP1|DDX39B|DDX3X|PCBP1|PCIF1|EIF2A|EEF2K|EIF4A3|EIF5B|EIF2S1|IGF1|PTBP1|PRG3|PUS7|GEMIN5|MTOR|MAPK3|MRPS27|RBM3|PPP1CA|RBM4B|THBS1|MTG1|RBM8A|NGRN|NSUN3|NSUN4|PTCD3|ABCE1|PELO|APLP1|RMND1|RPUSD3|B3GNTL1|RPUSD4|TACO1|BTG2|TRUB2|BZW1|TCOF1|TSFM|BZW2|CAPRIN1|CAPRIN2|METTL5|XRN1|CNOT1|CNOT10|CNOT2|CNOT3|CNOT6|FOXO3|CNOT7|NAT10|CNOT8|NCL|CTIF|NGDN|CYFIP1|DAP|DAPK3|DDX25|APP|DDX6|WFS1|DNAJC1|DNAJC3|EEFSEC|EIF2AK2|EIF4E|EIF4E2|EIF6|EIF4E3|EIF4EBP2|EIF4EBP3|EIF4ENIF1|EIF4G1|EIF4G2|EP300|EIF4G3|NPM1|EIF5A2|ENC1|NSUN5|BANK1|FXR1|IL6|FXR2|GIGYF2|PA2G4|GRB7|GSPT1|EIF2AK1|GAPDH|GTDC1|FECH|GUF1|HBS1L|IREB2|IFRD2|IGF2BP2|IGF2BP3|TIA1|PRKDC|JMJD4|KBTBD8|LARP1|LARP4|LARP4B|LARP6|LIMD1|LSM14A|LSM14B|DAPL1|MKNK1,https://www.gsea-msigdb.org/gsea/msigdb/mouse/geneset/GOBP_REGULATION_OF_TRANSLATION,303,ENR,GOBP_REGULATION_OF_TRANSLATION,1,1.4613777999999999E-2,GOBP_REGULATION_OF_TRANSLATION,FALSE,GOBP_REGULATION_OF_TRANSLATION
16,2.7084209139887099,2.7084209139887099,2.7084209139887099,1,,4.0869946000000002E-3,,P2RX7|MCOLN1|BECN1|CYP2R1|PGAM2|PRKAA1|PRKAA2|GUCA1A|BMP6|HSPA8|KCNMA1|LRRK2|UCP2|MAPK1|ABAT|ATP12A|GPHN|IMPA2|SLC11A1|KCNK3|ITPKA|ITPKB|ITPKC|LCAT|TFRC|AKR1C18|KCNA1|HNRNPD|KIT|ABCB1A|LCK|AKAP5|SLC34A1|SLC41A1|ZFP658|ANK3|ASPH|ATG5|NFATC1|BCL2|CYP1A1|TRPM2|CALM1|FUS|CALM2|CALM3|CYP27B1|CAPN3|CREB1|TSPO|RYR1|HSD17B1|RYR3|B2M|STAR|SMPD3|SOD1|DPEP1|ACO1|AKT1|ALOX15|ALOX5AP|ABCC2|ATP13A2|PLCD1|ATP7A|PLCG2|ABCC8|TNNC1|CAT|PLSCR1|CDK1|BNIP3|ATP1A3|CEBPA|CAV1|CASR|GLUD1|GPR39|GRIA1|CP|HOMER1|ENDOG|HAAO|HPCA|SLC30A5|CYP2A5|FXN|CRP|IL1A|KCNC1|KCNC2|KCNIP3|JUN|KCNJ1|KCNJ10|MTTP|MYOG|AHCYL1|FGA|LONP1|FGB|MAPT|KCNMB1|APOBEC1|MEF2A|MICU1|HAMP|HAMP2|HVCN1|MMP9|EDN1|NUDT1|NPTX1|OTC|P2RX4|SLC30A2|P2RX5|MEF2C|PKD2|FABP4|PLN|PPP2CB|PPP3CA|SLC12A2|SLC13A2|PARK7|PRNP|PPIF|PTK2B|SLC25A23|KRT10|SNCA|SLC1A1|RYR2|SCN5A|SLC30A1|SORD|TRF|ABCC9|MAPK9|TAT|STIM1|CYP1A2|HNRNPA1|STK39|NFE2L1|SLC25A24|SUMO1|TCIRG1|PAM|TLR9|SLC25A39|ACTA1|XDH|HSF1|NFATC3|TRPC1|NFATC4|SHH|TRPC3|A3GALT2|ACER1|ADAM9|ADD1|PLA2G4A|ANXA11|ANXA5|WNK1|ANXA7|ATF1|BACE1|BRAF|BSG|CALR|CAMK2B|CARF|PPARG|CASP3|CASP6|CASP9|SLC25A13|CD14|CDH1|SOD2|CDK4|CDKN1B|CHUK|VPS54|CLDN1|CLIC4|CPA1|PTGS2|CPNE1|CPNE2|CPNE3|CPNE4|CPNE5|CPNE7|CPNE8|CRHBP|CRIP1|CUTA|CYBB|CYBRD1|DAXX|ENPP1|DDX19A|DLG2|DLG4|DNMT3A|ECT2|EEF2K|EGFR|EIF2S1|ENTPD6|TNNT2|FN1|TH|FOS|FOSB|GSK3A|TTN|FOXA2|GSK3B|GABRB3|GDI1|GGH|GIPR|GPLD1|GSS|HESX1|ID2|GATM|INHBB|IQGAP1|ITPR3|LTA4H|JUNB|JUND|KHK|KCNB1|KCNH1|KCNMB2|ASS1|KCNMB4|MT3|LCT|UROS|AQP2|ATF4|LGMN|LOXL2|MAP1LC3A|CACNA1G|MAPK3|MAPK8|CPS1|MDM2|MNAT1|MT1|MT2|MT4|MTF1|NCAM1|NCSTN|GCLC|NEK7|NFATC2|NFE2L2|NLGN1|PPP1CA|NPC1|ERCC1|HTT|NQO1|NRXN1|THBS1|FAS|OGG1|MECP2|PCDH15|PCNA|PCSK1|PDCD6|PDE1C|PDX1|PEF1|FGG|PENK|PPP5C|RASA4|AQP1|RASAL1|RASGRP2|S100A16|SDC1|SEC31A|SERPINA1A|SLC25A12|SERPINA1B|SERPINA1C|SERPINA1D|SERPINA1E|MAOB|SERPINF1|SETD2|MYLK|SLC30A10|SLC30A3|SLC30A4|SLC30A8|SMPD1|SOD3|SOX2|SUCNR1|SYT1|SLC39A8|SYT3|HFE|TFAP2A|TFR2|TNFRSF11B|TRPV6|ALDOB|TUBA1A|TXNIP|APP|WNT5A|ABCC6|ADCY1|GSN|EP300|FBP1|ADCY7|ABCB6|ALAD|FECH|HMOX1|D2HGDH|GPI1|IREB2|ATP1A2|HIF1A|SLC11A2|HMGCS2|LIG4,https://www.gsea-msigdb.org/gsea/msigdb/mouse/geneset/GOBP_RESPONSE_TO_METAL_ION,347,ENR,GOBP_RESPONSE_TO_METAL_ION,1,0,GOBP_RESPONSE_TO_METAL_ION,FALSE,GOBP_RESPONSE_TO_METAL_ION
,2.3961993748905801,2.3961993748905801,2.3961993748905801,0.99598393600000001,,3.4251644999999997E-2,,EXOSC10|PIF1|WNT3A|AURKB|GAR1|PML|MAPK3|GNL3L|HSP90AA1|NEK7|HSP90AB1|CTNNB1|SRC|ACD|CCT2|CCT3|PRKCQ|CCT4|CCT5|CCT6A|CCT7|CCT8|DCLRE1B|MAPK1|DCP2|ERCC4|FBXO4|HMBOX1|PTGES3|MAP2K7|MAP3K4|MAPK15|MAPKAPK5|MCRS1|PARN|PARP4|PINX1|PKIB|PNKP|DHX36|POT1A|POT1B|TRP53|RAD50|HNRNPA2B1|RPA1|RTEL1|HNRNPC|SLX4|TCP1|TEP1|ATM|NAF1|TERF2|ATR|NAT10|TERF2IP|TINF2|TNKS|NHP2|TNKS2|WRAP53|ZBTB48|GCH1|NEK2|NOP10|PARP1|RAD51|HNRNPD|HNRNPU|XRCC5|TERF1|DKC1,https://www.gsea-msigdb.org/gsea/msigdb/mouse/geneset/GOBP_TELOMERE_MAINTENANCE_VIA_TELOMERE_LENGTHENING,73,ENR,GOBP_TELOMERE_MAINTENANCE_VIA_TELOMERE_LENGTHENING,1,4.0160639999999997E-3,GOBP_TELOMERE_MAINTENANCE_VIA_TELOMERE_LENGTHENING,FALSE,GOBP_TELOMERE_MAINTENANCE_VIA_TELOMERE_LENGTHENING
1,2.21923513428872,2.21923513428872,2.21923513428872,0.99396378269999996,,4.344597E-2,,SUMO1|NEDD4L|PLCB4|OXSR1|GRP|CASQ2|CAV3|ATF4|KCNAB1|PTGER3|CRBN|PTK2B|KCNE1|KCNE2|KCNE3|KCNH2|RGS4|ACTN2|GNAQ|AGRN|BIN1|AKAP5|KCNQ1|KCNRG|ANK3|KEL|NOS3|CAV1|STK39,https://www.gsea-msigdb.org/gsea/msigdb/mouse/geneset/GOBP_NEGATIVE_REGULATION_OF_POTASSIUM_ION_TRANSPORT,29,ENR,GOBP_NEGATIVE_REGULATION_OF_POTASSIUM_ION_TRANSPORT,1,6.0362172999999996E-3,GOBP_NEGATIVE_REGULATION_OF_POTASSIUM_ION_TRANSPORT,FALSE,GOBP_NEGATIVE_REGULATION_OF_POTASSIUM_ION_TRANSPORT
1,2.7084209139887099,2.7084209139887099,2.7084209139887099,1,,3.7087599999999998E-2,,NEDD4|NEDD4L|OSR1|OXSR1|PCSK9|PKD2|PLN|PPP3CA|PPP3CB|PPP3CC|PPP3R1|PRKCE|PPIF|PTGER3|PTK2B|REM1|RGS4|GSTM7|UCP2|SESTD1|SLC30A1|SLN|SRI|STK39|SUMO1|TGFB2|TLR9|TMBIM6|TRDN|UBQLN1|UBR3|WNK1|WNK2|WNK4|YWHAE|YWHAQ|FMR1|SERPINE2|PTGS2|ACTN2|AGRN|AKAP5|TRIM27|ANK3|BCL2|CNR1|CACNA1F|INPP5K|CALM1|TGFB1|CALM2|CALM3|CAMK2D|CASQ2|CAV3|MTOR|ATF4|AHR|PIK3C2A|COMMD1|CRBN|CD300A|CRHR2|DRD4|DYSF|AKT1|GNAO1|ATP7A|GNAQ|FBXO11|FCRL5|HES1|HSD3B2|ACE|HSD3B3|HSD3B6|FKBP1B|HTR7|MAOB|CAV1|GNB5|PACSIN3|GOPC|PAWR|GPR35|PLCB4|PRKG2|PXK|GRP|GSTO1|STC1|ICAM1|HRC|USP2|KCNAB1|ISCU|KCNE1|KCNE2|KCNE3|KCNH2|VDAC1|BIN1|ATP1A2|KCNQ1|KCNRG|HAMP|HAMP2|KEL|NOS3|MMP9,https://www.gsea-msigdb.org/gsea/msigdb/mouse/geneset/GOBP_NEGATIVE_REGULATION_OF_MONOATOMIC_ION_TRANSPORT,110,ENR,GOBP_NEGATIVE_REGULATION_OF_MONOATOMIC_ION_TRANSPORT,1,0,GOBP_NEGATIVE_REGULATION_OF_MONOATOMIC_ION_TRANSPORT,FALSE,GOBP_NEGATIVE_REGULATION_OF_MONOATOMIC_ION_TRANSPORT
15,2.40823996531185,2.40823996531185,2.40823996531185,0.99609375,,3.8744144000000001E-2,,KLKB1|PLAT|PLAU|F2|SERPINF2|THBS1|SERPING1|ANXA2|PLAUR|APOH|FGA|FGB|CPB2|SERPINE1|FGG|F11|F12|HRG|PLG|PROS1|TMPRSS6|VTN,https://www.gsea-msigdb.org/gsea/msigdb/mouse/geneset/GOBP_FIBRINOLYSIS,22,ENR,GOBP_FIBRINOLYSIS,1,3.90625E-3,GOBP_FIBRINOLYSIS,FALSE,GOBP_FIBRINOLYSIS
11,2.7084209139887099,2.7084209139887099,2.7084209139887099,1,,9.0383727000000001E-4,,NEDD4|NEDD4L|P2RX7|MCOLN1|OSR1|PCSK9|PKD2|SLC12A2|SLC13A2|SLC13A3|SLC9A9|PRSS8|GPD1L|PTPN3|RANGRF|SLC17A7|SLC17A8|SLC4A4|SCN1B|SCN2B|SCN3B|SCN4B|SCN5A|SCNN1B|SLC8A1|SLC9A1|SLC9A6|SLMAP|SNTA1|ATP12A|SLC23A1|ATP1A1|CNGA1|STK39|CNNM4|TESC|NPPA|TMEM168|HCN2|HCN3|HCN4|KCNK3|MCOLN3|NALCN|WNK1|WNK2|WNK4|YWHAH|SCN3A|SCN4A|SCN7A|SCN8A|SCN9A|SCNN1A|SCNN1G|SLC12A1|SLC12A3|SLC13A1|SLC20A1|SLC20A2|SLC38A4|SLC38A5|SLC24A1|SLC24A2|AGRN|SLC24A3|SLC24A5|SLC28A3|SLC34A1|ATP2B4|SLC34A2|SLC34A3|TRPM4|SLC41A1|SLC41A3|ANK3|SLC5A1|ANO6|SLC4A10|ARF1|PLCB1|SLC4A11|SLC5A2|SLC5A3|ATP1B2|SLC4A5|ATP1B3|SLC4A8|SLC4A9|SLC6A18|ATP4A|SLC6A19|SLC5A6|SLC6A2|SLC6A4|SLC6A12|SLC8A2|SLC6A13|SLC9A2|SLC6A14|SLC9A3|SLC6A15|SLC9A4|SLC4A7|SLC6A17|SLC9A5|SLC6A20B|SLC9A7|SLC6A6|SLC9A8|SLC6A7|TPCN1|SLC6A8|TPCN2|SLC6A9|TRPM2|TRPM5|CAMK2D|CAV3|CFTR|SLC38A2|CNKSR3|COMMD1|BPIFA1|DMD|DRD4|FGF12|FGF13|FXYD1|FXYD2|FXYD3|FXYD4|FXYD5|FXYD6|FXYD7|ATP1A3|GRIN1|SLC38A1|GRP|KCNK1|ATP1A2|ATP1B1|KCNQ1,https://www.gsea-msigdb.org/gsea/msigdb/mouse/geneset/GOBP_SODIUM_ION_TRANSMEMBRANE_TRANSPORT,143,ENR,GOBP_SODIUM_ION_TRANSMEMBRANE_TRANSPORT,1,0,GOBP_SODIUM_ION_TRANSMEMBRANE_TRANSPORT,FALSE,GOBP_SODIUM_ION_TRANSMEMBRANE_TRANSPORT
8,1.8521312996433601,1.8521312996433601,1.8521312996433601,0.98594377499999997,,6.4493030000000007E-2,,CTNS|RGS2|SFXN1|SFXN2|SFXN3|SLC38A10|SLC7A12|SLC13A3|PSEN1|SLC17A7|RGS4|SLC17A8|SLC1A1|PRKCD|SLC1A2|SLC1A4|SLC1A5|SLC1A6|TNF|UCP2|SLC22A2|SLC36A2|SLC25A15|SLC25A26|SLC25A29|SLC25A38|SLC16A2|SLC11A1|SLC15A4|SLC25A13|SLC36A1|SLC36A3|SLC36A4|SLC38A3|SLC22A4|SLC38A4|SLC38A5|SLC38A6|SLC38A7|SLC38A9|ARG1|ARG2|SLC3A1|SLC3A2|SLC43A1|SLC43A2|SLC38A11|SLC47A1|SLC6A18|SLC1A3|SLC25A22|SLC6A13|SLC6A14|SLC6A20B|SLC6A6|SLC6A7|SLC6A9|SLC7A1|SLC7A10|SLC7A13|SLC7A14|SLC7A2|SLC7A3|SLC7A4|SLC7A5|SLC7A6|SLC7A8|SLC7A9|SLC38A2|AGT|CLN3|PER2|TSPO2|TTYH1|TTYH2|TTYH3|ACE2|SLC25A12|ARHGEF11|ARL6IP1|ARL6IP5|SLC25A2|SLC38A1|CLN8|SLC7A11|SLC7A7|ITGB1|GFAP|GRIK1|LRRC8A|LRRC8B|LRRC8C|LRRC8D|LRRC8E|KCNJ10|MFSD12|NFKBIE,https://www.gsea-msigdb.org/gsea/msigdb/mouse/geneset/GOBP_AMINO_ACID_TRANSMEMBRANE_TRANSPORT,97,ENR,GOBP_AMINO_ACID_TRANSMEMBRANE_TRANSPORT,1,1.4056225E-2,GOBP_AMINO_ACID_TRANSMEMBRANE_TRANSPORT,FALSE,GOBP_AMINO_ACID_TRANSMEMBRANE_TRANSPORT
,2.0261245101441698,2.0261245101441698,2.0261245101441698,0.99058380400000001,,5.4360619999999998E-2,,DEFB25|IFNG|CCR7|HMGB1|CD36|TLR9|HSPD1|CLEC7A|NOD2|IL12B|FLT3|MAPK11|REL|TLR6|TIRAP|IL23A|TLR2|IL23R|TLR4|AGER|LTB|IDO1|SYK|TLR3|RELA|IRF8|IRF1|TNFSF18|TNFSF4|PLCG2|TRAF6|LAPTM5|CCL19|IL16|ISL1|MAPK14|UNC93B1|PLCB1|MDK|H2-M3|CD40|TNFSF9|CD40LG,https://www.gsea-msigdb.org/gsea/msigdb/mouse/geneset/GOBP_POSITIVE_REGULATION_OF_INTERLEUKIN_12_PRODUCTION,43,ENR,GOBP_POSITIVE_REGULATION_OF_INTERLEUKIN_12_PRODUCTION,1,9.4161959999999999E-3,GOBP_POSITIVE_REGULATION_OF_INTERLEUKIN_12_PRODUCTION,FALSE,GOBP_POSITIVE_REGULATION_OF_INTERLEUKIN_12_PRODUCTION
8,1.9956351989404899,1.9956351989404899,1.9956351989404899,0.98989899000000003,,7.3064690000000002E-2,,SLC31A1|SLC39A11|SLC39A12|RGS2|SLC39A4|SLC39A6|STEAP2|TRPM1|P2RX1|SHOC2|P2RX5|PPP3CA|SLC12A2|PPP3CB|SLC15A2|PPP3CC|SLC9A9|PPP3R1|PRNP|PSEN1|SLC27A5|RGS4|SLC17A8|SLC19A1|SLC1A1|PRKCD|SLC1A2|SLC1A4|SLC1A5|SLC1A6|CACNA1S|TNF|TRPV4|SCN5A|SLC22A2|SLC30A1|SLC36A2|AKT2|SCNN1B|SLC8A1|SLC9A1|SLC9A6|ABCC9|ATP12A|ATP1A1|IFNG|SLC16A2|HCN2|HCN4|SLC15A4|ACSL5|SLC2A10|WNK1|SLC2A5|WNK2|WNK4|SCNN1A|SCNN1G|SLC39A10|KCND3|SLC12A1|SLC36A1|SLC12A3|SLC38A3|SLC22A4|SLC38A4|ADRB1|SLC38A5|ADRB2|SLC24A2|AGTR1A|ARG1|SLC39A14|ARG2|AKAP5|SLC34A1|SLC3A2|SLC43A1|SLC43A2|TRPM4|SLC27A1|SLC46A1|ANK3|SLC46A2|SLC5A1|SLC47A1|SLC5A2|ATP1B2|ATP1B3|ATP4A|SLC5A6|SLC1A3|SLC8A2|SLC6A13|SLC9A2|CACNA1C|SLC6A14|SLC9A3|CACNA1D|SLC9A4|CACNA1F|SLC9A5|SLC6A20B|SLC9A7|SLC6A6|SLC6A7|SLC6A9|TRPM2|ACSL1|SLC7A1|IRS2|ACSL6|SLC7A2|SLC7A3|SLC15A3|SLC7A5|SLC28A1|SLC7A8|SLC38A2|AGT|PER2|DLG1|THBS1|ABCC1|AKT1|TSPO2|ACE2|FXYD2|AQP8|ARHGEF11|ARL6IP1|ARL6IP5|ATP1A3|FYN|CAV1|CACNA1A|PAWR|SLC30A8|CD36|SLC39A5|SLC38A1|CLN8|GRM6|SLC39A8|SLC7A11|TRPV6|TRPV2|SLC2A1|SLC30A5|ITGB1|GFAP|ISCU|KCNE2|LRP2|KCNH2|LRRC8A|LRRC8B|LRRC8C|LRRC8D|LRRC8E|KCNJ1|KCNJ10|KCNJ11|KCNJ12|KCNJ13|KCNJ15|KCNJ16|SLC12A5|KCNJ2|KCNJ5|KCNJ6|KCNJ8|ATP1A2|ATP1B1|KCNN4|SLC11A2|KCNQ1|LCN2|CACNA1E|KCNK5|SLC12A4|SLC15A1|SLC12A6|MS4A1|SLC12A7|SLC12A8,https://www.gsea-msigdb.org/gsea/msigdb/mouse/geneset/GOBP_IMPORT_ACROSS_PLASMA_MEMBRANE,186,ENR,GOBP_IMPORT_ACROSS_PLASMA_MEMBRANE,1,1.0101010000000001E-2,GOBP_IMPORT_ACROSS_PLASMA_MEMBRANE,FALSE,GOBP_IMPORT_ACROSS_PLASMA_MEMBRANE
2,2.7084209139887099,2.7084209139887099,2.7084209139887099,1,,1.8572024E-3,,IL4I1|IYD|PAH|ATP7A|GSTZ1|THAP4|TTC36|FAH|HGD|PCBD1|PCBD2|DCT|HPD|TAT|TH,https://www.gsea-msigdb.org/gsea/msigdb/mouse/geneset/GOBP_TYROSINE_METABOLIC_PROCESS,15,ENR,GOBP_TYROSINE_METABOLIC_PROCESS,1,0,GOBP_TYROSINE_METABOLIC_PROCESS,FALSE,GOBP_TYROSINE_METABOLIC_PROCESS
4,2.7084209139887099,2.7084209139887099,2.7084209139887099,1,,6.4807255000000003E-3,,BCL2|TSC2|CD70|CD79A|RAG2|TYROBP|VAV3|MEF2C|WNT3A|IRS2|NCKAP1L|CD19|NFKBIZ|CTLA4|AHR|CD180|TIRAP|BMI1|CD300A|PTEN|PTPRC|TLR4|NFATC2|PKN1|EPHB2|IKZF3|PRKCD|IL21|IL5|IL7|RC3H1|CD38|FOSL2|TNFRSF21|CHRNB2|GAPT|BAX|PLCL2|MIF|SASH3|CD74|PAWR|ATM|IL4|SIGLECG|PELI1|TLR9|PRLR|CD81|HSPD1|CDKN2A|CFB|RASGRP1|ADA|IL13|CR2|IL2|CASP3|SHB|TFRC|SLC39A10|TNFRSF13B|IL10|TNFRSF13C|ATAD5|IL7R|BST1|IL9R|INPP5D|TNFSF13|ABL1|BCL6|CARD11|FCGR2B|TNFSF13B|BTK|BTLA|CD22|CD320|GPR183|PCYT1A|TCF3|CDKN1A|CD24A|CD27|TICAM1|LEF1|TNFRSF4|LYN|CD40|CD40LG,https://www.gsea-msigdb.org/gsea/msigdb/mouse/geneset/GOBP_B_CELL_PROLIFERATION,91,ENR,GOBP_B_CELL_PROLIFERATION,1,0,GOBP_B_CELL_PROLIFERATION,FALSE,GOBP_B_CELL_PROLIFERATION
,2.7084209139887099,2.7084209139887099,2.7084209139887099,1,,4.2219979999999997E-2,,BIRC5|HNRNPU|CDCA8|BECN1|CENPE|INCENP|APC|NEK2|AURKB|SIRT1|KAT5|SIRT2|CCNB1|CDK1|RACGAP1|RCC2|SPAG5|ECT2|CDC42|KAT2B,https://www.gsea-msigdb.org/gsea/msigdb/mouse/geneset/GOBP_REGULATION_OF_ATTACHMENT_OF_SPINDLE_MICROTUBULES_TO_KINETOCHORE,20,ENR,GOBP_REGULATION_OF_ATTACHMENT_OF_SPINDLE_MICROTUBULES_TO_KINETOCHORE,1,0,GOBP_REGULATION_OF_ATTACHMENT_OF_SPINDLE_MICROTUBULES_TO_KINETOCHORE,FALSE,GOBP_REGULATION_OF_ATTACHMENT_OF_SPINDLE_MICROTUBULES_TO_KINETOCHORE
,2.7084209139887099,2.7084209139887099,2.7084209139887099,0.99804305289999995,,1.3104029E-2,,UOX|DPYD|UPB1|DCTPP1|UPP1|UPP2|XDH|DPYS|NT5C|DUT|NT5C2|NT5C3|NT5M|ADA|NUDT15|NUDT16|PNP|NUDT18|GDA|CDA|SAMHD1|DERA,https://www.gsea-msigdb.org/gsea/msigdb/mouse/geneset/GOBP_DEOXYRIBONUCLEOTIDE_CATABOLIC_PROCESS,22,ENR,GOBP_DEOXYRIBONUCLEOTIDE_CATABOLIC_PROCESS,1,1.9569471000000001E-3,GOBP_DEOXYRIBONUCLEOTIDE_CATABOLIC_PROCESS,FALSE,GOBP_DEOXYRIBONUCLEOTIDE_CATABOLIC_PROCESS
,2.7084209139887099,2.7084209139887099,2.7084209139887099,1,,2.024366E-2,,KRT78|KRT1|KRT79|KRT6A|KRT80|KRT81|KRT84|KRT85|ABCA12|KRT86|CDSN|CDH3|CNFN|HRNR|KAZN|LCE1A2|CYP26B1|PPHLN1|SPRR1A|SHARPIN|SPRR1B|SPRR2B|SPRR2F|SPRR2G|SPRR2H|SPRR2I|SPRR2K|SPRR3|TGM1|TGM3|TMEM79|IL1A|PPL|SFN|EVPL|KRT16|KRT17|KRT2|KRT4|KRT5|KRT6B|IVL|KRT7|KRT75|KRT76|KRT77,https://www.gsea-msigdb.org/gsea/msigdb/mouse/geneset/GOBP_KERATINIZATION,46,ENR,GOBP_KERATINIZATION,1,0,GOBP_KERATINIZATION,FALSE,GOBP_KERATINIZATION
15,2.7084209139887099,2.7084209139887099,2.7084209139887099,1,,5.8960695999999996E-3,,KLK1B9|KLKB1|PLAT|PLAU|PRSS12|S100A10|SERPINF2|PLAUR|PGK1|SERPINE1|CTSH|ENO1|C1RA|HP|SERPINE2|C1RB|OMA1|C1RL|GGT1|THBS1|ANXA2|APOH|FGA|CLEC3B|FGB|CPB2|CTSL|CTSZ|FGG|CUZD1|DHCR24|F11|F12|F9|FURIN|HGFAC|HPN|KLK1|KLK1B11|KLK1B21|KLK1B22|MMP14|KLK1B27|KLK1B3|KLK1B4|KLK1B5,https://www.gsea-msigdb.org/gsea/msigdb/mouse/geneset/GOBP_ZYMOGEN_ACTIVATION,46,ENR,GOBP_ZYMOGEN_ACTIVATION,1,0,GOBP_ZYMOGEN_ACTIVATION,FALSE,GOBP_ZYMOGEN_ACTIVATION
1,2.4005380048094001,2.4005380048094001,2.4005380048094001,0.99602385699999996,,3.753795E-2,,NGF|P2RX7|P2RX1|P2RX4|P2RX5|PDPK1|PKD2|PLN|PML|PPP3CA|PPP3CB|PPP3CC|PPP3R1|PRKCE|PRKD1|PRNP|PSEN2|PTGER3|PTK2B|PTPN6|PTPN22|RAPGEF3|REM1|GSTM7|RGS9|SNCA|RYR2|UCP2|SESTD1|SLC8A1|SLC9A1|SLN|SPG7|BAX|SRI|STAC|STAC2|STAC3|STIM1|STIM2|MYO5A|XCL1|SUMO1|TGFB2|NPPA|THY1|TLR9|TMBIM6|TMEM38A|TRDN|TRPC1|TRPC3|TSPAN13|UBASH3B|UBQLN1|UBR3|CHD7|VMP1|PLP1|YWHAE|FMR1|PDE4D|ABL1|ADRB1|ADRB2|AFG3L2|AGTR1A|AHNAK|AKAP5|P2RY6|AKAP6|ANK2|APLNR|ASPH|ATG5|ATP2A1|BAK1|BCL2|BDKRB1|BMP4|CACNA1C|CACNA1D|CACNA1F|CACNA2D1|CACNB1|CACNB2|CACNB3|CACNG1|CALM1|TGFB1|CALM2|CALM3|CAMK2D|CAPN3|CASQ1|CASQ2|CAV3|CD19|CD4|CLEC4B1|DBI|AHR|CORO1A|CXCR3|CYBA|PIK3CG|DHRS7C|DMD|DRD4|DYSF|HTT|AKT1|EDNRA|EHD3|F2R|F2RL3|PLCG1|FBXO11|PLCG2|FCRL5|FGF14|FKBP1A|FKBP1B|FYN|CAV1|GJC2|GNB5|GPR35|GPR39|GRIN1|GRM6|GSTO1|HAP1|HPCA|HRC|HSPA2|IL13|NOL3|ITGB3|JPH2|JPH3|JSRP1|CX3CL1|CXCL10|TMEM38B|CXCL11|CXCL9|VDAC1|G6PDX|F2|BIN1|GIMAP3|ATP1A2|GIMAP5|ATP1B1|KCNN4|LIME1|CACNB4|LYN|ADCYAP1R1|MS4A1|MS4A2,https://www.gsea-msigdb.org/gsea/msigdb/mouse/geneset/GOBP_REGULATION_OF_CALCIUM_ION_TRANSMEMBRANE_TRANSPORT,162,ENR,GOBP_REGULATION_OF_CALCIUM_ION_TRANSMEMBRANE_TRANSPORT,1,3.9761429999999997E-3,GOBP_REGULATION_OF_CALCIUM_ION_TRANSMEMBRANE_TRANSPORT,FALSE,GOBP_REGULATION_OF_CALCIUM_ION_TRANSMEMBRANE_TRANSPORT
,2.7075701569889801,2.7075701569889801,2.7075701569889801,0.99803921559999997,,4.97137E-2,,KRT1|EVPL|KRT10|DSP|THBS1|KRT2|SPRR1A|ANXA1|ABCA7|TGM1|COL3A1|TGM3|F13A1|STFA1|STFA2|STFA2L1|IVL|STFA3|FN1|TGM2,https://www.gsea-msigdb.org/gsea/msigdb/mouse/geneset/GOBP_PEPTIDE_CROSS_LINKING,20,ENR,GOBP_PEPTIDE_CROSS_LINKING,1,1.9607843999999998E-3,GOBP_PEPTIDE_CROSS_LINKING,FALSE,GOBP_PEPTIDE_CROSS_LINKING
12,1.8512583500219599,1.8512583500219599,1.8512583500219599,0.98591549300000003,,7.9269803999999999E-2,,KRT1|KRT6A|PKP2|PPL|AGFG1|AGFG2|BFSP1|SOD1|BFSP2|DES|DNAJB6|EPPK1|INA|KLHL24|SYNM|KRT10|KRT12|RAF1|KRT13|ATF2|KRT14|ATP8A2|KRT15|KRT16|KRT17|KRT2|KRT20|KRT23|KRT24|KRT25|KRT27|KRT31|KRT32|KRT33A|KRT33B|KRT34|KRT35|KRT36|KRT4|KRT42|KRT5|KRT6B|KRT7|KRT75|KRT76|KRT77|KRT78|KRT79|KRT80|KRT81|KRT84|KRT85|DSP|KRT86|CLN8|NEFH|NEFL|ATXN3|NEFM|CSNK1A1|PRPH|DST|SHH|FAM83H|TCHH|KRT18|VIM|MACF1|NDEL1|NES|SYNC|TOR1A|GFAP|KRT19|PLEC|VPS54|EVPL|PKP1|MTM1,https://www.gsea-msigdb.org/gsea/msigdb/mouse/geneset/GOBP_INTERMEDIATE_FILAMENT_BASED_PROCESS,79,ENR,GOBP_INTERMEDIATE_FILAMENT_BASED_PROCESS,1,1.4084507E-2,GOBP_INTERMEDIATE_FILAMENT_BASED_PROCESS,FALSE,GOBP_INTERMEDIATE_FILAMENT_BASED_PROCESS
,1.9628426886711099,1.9628426886711099,1.9628426886711099,0.98910675400000003,,4.1727729999999998E-2,,CAR12|CAR4|UMOD|CAR14|HBA-A1|SLC12A1|HBB-BH1|POU3F3|RHAG|RHBG|AQP6|RHCG|SLC14A1|SLC14A2|AQP1|AQP3|AQP4|AQP7|AQP8|AQP9|CAR2|UPK3A|AQP5,https://www.gsea-msigdb.org/gsea/msigdb/mouse/geneset/GOBP_ONE_CARBON_COMPOUND_TRANSPORT,23,ENR,GOBP_ONE_CARBON_COMPOUND_TRANSPORT,1,1.0893246000000001E-2,GOBP_ONE_CARBON_COMPOUND_TRANSPORT,FALSE,GOBP_ONE_CARBON_COMPOUND_TRANSPORT
,2.3847117261093702,2.3847117261093702,2.3847117261093702,0.99587628849999998,,4.0091753000000001E-2,,PCK1|ALDOA|PGAM1|PGK1|SLC25A10|ENO1|MDH1|MDH2|BMP2|BMP5|BMP6|PCX|CACNA1H|CLCN2|DAB2|DKK3|GAPDH|TKT|TPI1|KDM3A|GPD1|REST|WNT4|PNPO|PDXK,https://www.gsea-msigdb.org/gsea/msigdb/mouse/geneset/GOBP_ALDEHYDE_BIOSYNTHETIC_PROCESS,25,ENR,GOBP_ALDEHYDE_BIOSYNTHETIC_PROCESS,1,4.1237115000000001E-3,GOBP_ALDEHYDE_BIOSYNTHETIC_PROCESS,FALSE,GOBP_ALDEHYDE_BIOSYNTHETIC_PROCESS
5,2.2463344253355002,2.2463344253355002,2.2463344253355002,0.99432892260000005,,2.1571340000000001E-2,,EXOSC10|PWP2|RPS13|RPS15|RPS17|RCL1|RPS19|FBL|FCF1|RIOK1|RPS21|RIOK2|RPS23|RIOK3|RPS25|RPS4X|RPS6|RPS7|RPS8|RPS9|RPP40|RPSA|RPS19BP1|RPS27L|GTF2H5|HEATR1|RRP36|RRP7A|RRP9|RRS1|IMP3|IMP4|RPS11|MRPS7|RPS12|RPS14|RPS15A|RPS16|KRI1|RPS24|KRR1|RPS27|RPS27A|RPS28|RPS5|LSM6|LTV1|MCAT|METTL17|MPHOSPH10|SRFBP1|AATF|ABT1|NAT10|BMS1|SURF6|NGDN|BYSL|TBL3|TRMT112|NOB1|TSR1|TSR2|NOL10|NOL11|NOL6|NOL7|NOM1|NOP14|DCAF13|UTP15|UTP18|NOP56|UTP20|FAU|NOP58|UTP23|NPM1|UTP3|UTP6|WDR3|WDR36|WDR43|WDR46|WDR75|DDX52|PNO1|XRCC5|DHX37|DIMT1|PRKDC|DNTTIP2|EMG1|ERAL1|ERCC2,https://www.gsea-msigdb.org/gsea/msigdb/mouse/geneset/GOBP_RIBOSOMAL_SMALL_SUBUNIT_BIOGENESIS,95,ENR,GOBP_RIBOSOMAL_SMALL_SUBUNIT_BIOGENESIS,1,5.6710774000000002E-3,GOBP_RIBOSOMAL_SMALL_SUBUNIT_BIOGENESIS,FALSE,GOBP_RIBOSOMAL_SMALL_SUBUNIT_BIOGENESIS
7,2.2388820715433599,2.2388820715433599,2.2388820715433599,0.99423076899999996,,4.2260310000000002E-2,,RGS2|RBM10|RPS6KB1|CDK9|BECN1|NDUFS4|P2RX4|MEF2C|NOTCH1|PPARA|PPP3CA|ADRA1A|AIF1|AKAP1|BMP2|RGS4|AR|SMAD3|ASB2|ATP2A2|CACNA1S|TRIM63|SCN5A|CAMTA2|FDPS|SLC9A1|MYH6|MYH7|TOMM70A|CMYA5|CTDP1|DAG1|NPPA|NPPB|ACTA1|ECE1|SLC25A4|EZH2|FBXO32|NFATC3|FOXO1|TRPC3|GATA4|NR4A3|CFLAR|GATA5|GLRX3|GTF2IRD1|GTF2IRD2|HAND2|HEY2|IGFBP5|INPP5F|PPARG|JARID2|PARP1|DDX39B|KDM4A|MYOD1|KLF15|ADCY10|KLF4|TNFRSF1B|MYOZ1|LMCD1|MYOZ2|PDE5A|ADRB1|PDE9A|MSTN|MTMR4|SIRT1|AKAP6|ATP2B4|MTPN|SMAD4|TCAP|MYOC|TNNT1|NFATC1|GSK3A|GSK3B|TNFRSF1A|BMP4|IGF1|ERRFI1|PARP2|GATM|PI16|PIN1|PRKCA|CAMK2D|CASQ1|PTK2|CAV3|MTOR|ROCK1|ROCK2|AGT|SGCA|SMAD1|CYBA|SRL|STUB1|DMD|ACTN3|TBCE|TEAD1|TNNC1|PRKAG3|TNNI1|TRIP10|TWF1|YY1|ZFP418|ACACB|FOXO3|FOXP1|NOL3|GSN|EP300|ADK|G6PDX|MYOG|LMNA|GATA6|NR3C1|HDAC4|MEF2A|KCNN4|PAK1|HAMP|HAMP2|NOS3|EDN1,https://www.gsea-msigdb.org/gsea/msigdb/mouse/geneset/GOBP_MUSCLE_ADAPTATION,135,ENR,GOBP_MUSCLE_ADAPTATION,1,5.7692309999999997E-3,GOBP_MUSCLE_ADAPTATION,FALSE,GOBP_MUSCLE_ADAPTATION
2,2.7084209139887099,2.7084209139887099,2.7084209139887099,1,,2.8007527E-5,,ACMSD|PAH|SPR|GSTZ1|THAP4|HAAO|TTC36|AFMID|HGD|DCT|HPD|QDPR|QPRT|IDO1|IDO2|IL4I1|KMO|IYD|KYNU|ATP7A|NMNAT2|FAH|NADSYN1|PCBD1|GCDH|PCBD2|TAT|TDO2|TH,https://www.gsea-msigdb.org/gsea/msigdb/mouse/geneset/GOBP_ERYTHROSE_4_PHOSPHATE_PHOSPHOENOLPYRUVATE_FAMILY_AMINO_ACID_METABOLIC_PROCESS,29,ENR,GOBP_ERYTHROSE_4_PHOSPHATE_PHOSPHOENOLPYRUVATE_FAMILY_AMINO_ACID_METABOLIC_PROCESS,1,0,GOBP_ERYTHROSE_4_PHOSPHATE_PHOSPHOENOLPYRUVATE_FAMILY_AMINO_ACID_METABOLIC_PROCESS,FALSE,GOBP_ERYTHROSE_4_PHOSPHATE_PHOSPHOENOLPYRUVATE_FAMILY_AMINO_ACID_METABOLIC_PROCESS
4,1.78621887745178,1.78621887745178,1.78621887745178,0.98364008199999997,,9.0764709999999998E-2,,BCL2|IL4|PELI1|TLR9|VAV3|PRLR|CD81|MEF2C|WNT3A|IRS2|ADA|NCKAP1L|IL13|IL2|TIRAP|BMI1|PTPRC|TLR4|TFRC|SLC39A10|NFATC2|EPHB2|TNFRSF13C|ATAD5|BST1|TNFSF13|BCL6|CARD11|TNFSF13B|IL21|BTK|IL5|IL7|CD320|CD38|GPR183|TCF3|CDKN1A|CHRNB2|TICAM1|TNFRSF4|MIF|CD40|SASH3|CD40LG|CD74,https://www.gsea-msigdb.org/gsea/msigdb/mouse/geneset/GOBP_POSITIVE_REGULATION_OF_B_CELL_PROLIFERATION,46,ENR,GOBP_POSITIVE_REGULATION_OF_B_CELL_PROLIFERATION,1,1.6359918000000001E-2,GOBP_POSITIVE_REGULATION_OF_B_CELL_PROLIFERATION,FALSE,GOBP_POSITIVE_REGULATION_OF_B_CELL_PROLIFERATION
,2.2329961041817401,2.2329961041817401,2.2329961041817401,0.99415204670000001,,5.0845700000000001E-2,,PARP1|SLC6A4|DRD4|SNCA|FADD|ADRA1B|BDNF|HOMER1|HOMER2|CREBBP|PPP1R1B|SDK1|CDK5|EHMT2|FOSB,https://www.gsea-msigdb.org/gsea/msigdb/mouse/geneset/GOBP_BEHAVIORAL_RESPONSE_TO_COCAINE,15,ENR,GOBP_BEHAVIORAL_RESPONSE_TO_COCAINE,1,5.8479533E-3,GOBP_BEHAVIORAL_RESPONSE_TO_COCAINE,FALSE,GOBP_BEHAVIORAL_RESPONSE_TO_COCAINE
,2.7084209139887099,2.7084209139887099,2.7084209139887099,1,,0,,EEF2|RPL10A|RPL12|RPL13|RPL13A|RPL14|RPL15|RPL17|RPL22|RPL23|RPL23A|RPL24|RPL26|RPL27|RPL27A|RPL28|RPL29|RPL32|RPL34|RPL35|RPL35A|RPL36|RPL36A|RPL37|RPL37A|RPL38|RPL4|RPL5|RPL6|RPL7|RPL7A|RPL8|RPL9|RPLP2|RPS10|RPS11|RPS12|RPS14|RPS15A|RPS16|RPS24|RPS26|RPS27A|RPS28|RPS5|UBA52|AKT2|ALKBH3|CKAP5|CNBP|CPEB1|CPEB2|CPEB3|CPEB4|CSDE1|DENR|DHX29|DHX36|DHX9|DRG1|DRG2|EIF2AK4|EIF2B1|EIF2B2|EIF2B3|EIF2B4|EIF2B5|EIF2D|EIF2S2|EIF2S3X|EIF2S3Y|EIF3A|EIF3B|EIF3C|EIF3D|EIF3E|EIF3F|EIF3G|EIF3H|EIF3I|EIF3K|EIF3L|EIF3M|EIF4A1|EIF4A2|EIF4B|EIF4EBP1|EIF4H|EIF5|ETF1|FAU|FMR1|FTSJ1|GTPBP1|HNRNPD|HNRNPU|IGF2BP1|IMPACT|LIN28A|MCTS1|MCTS2|METTL3|MIF4GD|NCBP1|NCBP2|NCK1|NEMF|NMNAT2|PABPC1|PAIP1|PARP16|PIWIL2|PKP1|RBM24|RBM4|RPL11|RPL18|RPL18A|RPL19|RPL21|RPL22L1|RPL3|RPL30|RPL31|RPL39|RPL39L|RPL41|RPLP0|RPLP1|RPS13|RPS15|RPS17|RPS18|RPS19|RPS2|RPS20|RPS21|RPS23|RPS25|RPS29|RPS3|RPS4X|RPS6|RPS7|RPS8|RPS9|RPSA|RWDD1|SH3BGRL|SLBP|SMYD5|SYNCRIP|UNK|YBX1|YTHDF2|ZC3H15|ZFP385A,https://www.gsea-msigdb.org/gsea/msigdb/mouse/geneset/GOBP_CYTOPLASMIC_TRANSLATION,157,ENR,GOBP_CYTOPLASMIC_TRANSLATION,1,0,GOBP_CYTOPLASMIC_TRANSLATION,FALSE,GOBP_CYTOPLASMIC_TRANSLATION
14,2.21836042871925,2.21836042871925,2.21836042871925,0.99395161300000001,,5.6541226999999999E-2,,AMN1|SLC35F3|STRA6|APOA1|TCN2|SLC25A32|TTPA|SLC52A2|SLC52A3|CUBN|SLC19A2|PDPN|SLC19A3|SLC25A19|SLC2A1|FOLR2|SLC2A10|AMN|SLC2A2|SLC2A3|SLC2A4|SLC2A5|SLC2A8|SLC2A9|LRP2|SCARB1|SLC19A1|ABCC1|SLC22A1|ABCC5|RBP4|ABCG2|SLC22A2|ABCG3|CD320|GC|FOLR1|SLC27A1|SLC44A4|SLC46A1|SLC47A1|ABCD4|SLC23A1|SLC23A2|AFM|SLC5A6,https://www.gsea-msigdb.org/gsea/msigdb/mouse/geneset/GOBP_VITAMIN_TRANSPORT,46,ENR,GOBP_VITAMIN_TRANSPORT,1,6.0483869999999997E-3,GOBP_VITAMIN_TRANSPORT,FALSE,GOBP_VITAMIN_TRANSPORT
10,2.7084209139887099,2.7084209139887099,2.7084209139887099,1,,3.2224460000000003E-2,,BCL2|LY9|STK11|TOX|CD69|DOCK2|IL4|SLAMF6|NFATC3|PTPN2|SHH|TGFB1|BCL11B|SPN|FOXN1|MTOR|ITPKB|STAT6|BRAF|OTUD5|IL23A|OPA1|TBX21|PTPRC|EP300|THEMIS|SKINT1|IL6|IL6RA|STAT3|BATF|IRF4|TNFSF18|BRD2|BRD4|CTSL|FOXP3|CD1D1|H2-DMA|SRF|CD3D|CD3E|CYLD|LGALS1|CD3G|ZAP70|CD74|LOXL3,https://www.gsea-msigdb.org/gsea/msigdb/mouse/geneset/GOBP_POSITIVE_T_CELL_SELECTION,48,ENR,GOBP_POSITIVE_T_CELL_SELECTION,1,0,GOBP_POSITIVE_T_CELL_SELECTION,FALSE,GOBP_POSITIVE_T_CELL_SELECTION
7,2.41077722729709,2.41077722729709,2.41077722729709,0.99611650480000002,,3.8922768000000003E-2,,RGS2|RBM10|ACVR1B|NOTCH1|PDCD4|SPRY1|PPARA|TGFBR3|ADRA1A|RGS4|ASB2|DYRK1A|FDPS|SLC8A1|MYH6|TOMM70A|COL14A1|CTDP1|PBRM1|SLC25A4|ACTC1|ADPRHL1|AKAP13|GATA4|CSRP3|FHOD3|HDAC2|PLEC|NKX2-5|HEY2|MYH10|MYH11|MYL2|HNRNPU|DDX39B|MYLK3|ADRA1B|ACTN2|ADRB1|MAP2K4|NEB|MEIS1|NEBL|MET|NRAP|PDGFRA|DICER1|PDGFRB|SIRT1|AKAP6|PROX1|SMAD4|SRF|TCAP|VEGFA|ATG5|MYOCD|GSK3A|TTN|GSK3B|XIRP1|BMP4|IGF1|PARP2|PDLIM5|PI16|PIN1|CAMK2D|CAV3|MTOR|AGT|INHBA|SGCD|SORBS2|ATG7|TBX3|CDK1|ISL1|TRIP10|PRKG1|YY1|ZFP418|ALPK2|CTCF|ALPK3|CXADR|BMPR1A|FHL2|LRRC10|MAML1|FOXP1|MYO18B|NAGLU|PITX2|POPDC2|SGCB|SHOX2|SMAD6|EP300|PRICKLE1|SPEG|TBX18|TBX5|G6PDX|ZMPSTE24|LMNA|JAG1|NR3C1|MEF2A|PAK1|HAMP|HAMP2|EDN1,https://www.gsea-msigdb.org/gsea/msigdb/mouse/geneset/GOBP_CARDIAC_CELL_DEVELOPMENT,113,ENR,GOBP_CARDIAC_CELL_DEVELOPMENT,1,3.8834951999999999E-3,GOBP_CARDIAC_CELL_DEVELOPMENT,FALSE,GOBP_CARDIAC_CELL_DEVELOPMENT
2,2.7084209139887099,2.7084209139887099,2.7084209139887099,1,,0,,IDO1|IDO2|IL4I1|KMO|UROC1|ACMSD|KYNU|PAH|AMDHD1|GSTZ1|HAAO|FAH|FTCD|HAL|HDC|AFMID|HGD|HPD|TAT|QDPR|TDO2,https://www.gsea-msigdb.org/gsea/msigdb/mouse/geneset/GOBP_AROMATIC_AMINO_ACID_FAMILY_CATABOLIC_PROCESS,21,ENR,GOBP_AROMATIC_AMINO_ACID_FAMILY_CATABOLIC_PROCESS,1,0,GOBP_AROMATIC_AMINO_ACID_FAMILY_CATABOLIC_PROCESS,FALSE,GOBP_AROMATIC_AMINO_ACID_FAMILY_CATABOLIC_PROCESS
4,2.7084209139887099,2.7084209139887099,2.7084209139887099,1,,1.9578979999999999E-2,,DHPS|EFNB1|MEF2C|FGF10|NCKAP1L|FLT3L|PPP3CA|PNP|H2-DMB2|GPAM|TIRAP|PTPN22|PTPRC|TLR4|AIF1|PDCD1LG2|CSF1|SLC4A1|IGFBP2|IL15|PRKCQ|IL21|IL2RA|IL5|PYCARD|IL7|MAPK1|ITGAL|TAC1|CD38|KITL|RIPK2|CHRNB2|IL34|MPL|MIF|NCK2|SASH3|XCL1|NR5A2|IFNG|IL4|PELI1|TLR9|SLAMF1|PRLR|RAC2|SHH|RASAL3|ADA|SPN|MYD88|TFRC|AGER|SLC39A10|SYK|TNFRSF13C|ATAD5|KIT|TNFSF13|BCL6|TNFSF13B|TNFSF4|BTK|NCK1|TRAF6|STAT5A|CD1D1|TYK2|CD1D2|TCF3|CD24A|TGFBR2|TICAM1|CD274|VTCN1|CD28|TNFRSF4|CD3E|ZAP70|CD40|TNFSF9|CD40LG|BCL2|GSK3B|CSF2|CSF2RA|HMGB1|IGF1|IGF2|CD80|IL6ST|VAV3|CD86|VCAM1|SLC7A1|WNT3A|IRS2|OCSTAMP|RPS3|PTK2|ZFP335|CSF2RB|ST6GAL1|CSF2RB2|CD4|MAPK3|CORO1A|BMI1|STAT5B|NFATC2|EPHB2|TACR1|FADD|HES1|ANXA1|FOXP3|CCL19|CD209D|H2-DMB1|CCL5|CD74|CCR2|CCR7|CD46|CD55|CD59A|HAVCR2|CD59B|DNAJA3|CD81|ICOSL|IL12A|IL12B|IL12RB1|IL13|IL18|IL1A|IL2|IL23A|ADK|BLM|IL6|BST1|IRGM1|BTNL2|CARD11|CCDC88B|CD209C|JAK2|NMB|CD209E|JAK3|CD276|CD320|GPR183|CD6|H2-T23|CDKN1A|BCL2L1|CSF1R|IL1B|LYN,https://www.gsea-msigdb.org/gsea/msigdb/mouse/geneset/GOBP_POSITIVE_REGULATION_OF_LEUKOCYTE_PROLIFERATION,163,ENR,GOBP_POSITIVE_REGULATION_OF_LEUKOCYTE_PROLIFERATION,1,0,GOBP_POSITIVE_REGULATION_OF_LEUKOCYTE_PROLIFERATION,FALSE,GOBP_POSITIVE_REGULATION_OF_LEUKOCYTE_PROLIFERATION
,1.7976137296102099,1.7976137296102099,1.7976137296102099,0.98406374500000005,,8.007251E-2,,SLC25A27|GPR89|VDAC3|MCOLN1|P2RX5|SLC12A2|SLC17A7|SLC17A8|SLC4A1|SLC4A4|CLCN2|SLC19A1|RIPK1|SLC1A1|SLC1A2|SLC1A4|SLC22A18|UCP2|SLC22A6|BSND|SLC12A9|VDAC2|MFSD8|SLC26A1|SLC26A11|SLC26A3|SLC26A6|MCOLN3|SLC26A9|CLNS1A|WNK4|SLC12A1|SLC12A3|CLIC4|SLC13A1|ABCB1A|ABCB1B|PCYOX1|SLC39A14|TG|P2RY6|ANO6|SLC4A10|SLC4A11|SLC4A2|SLC4A3|SLC5A5|SLC4A5|SLC4A8|SLC4A9|SLC5A6|SLC6A2|SLC1A3|SLC5A8|GABRB3|SLC6A14|SLC4A7|ANO1|ANO10|ANO2|ANO3|ANO4|ANO8|TSPO|ANO9|CLCA1|CLCA2|MTOR|CLCC1|CLCN6|CLCNKA|CFTR|CLDN17|CAR2|CLIC1|SLCO1A4|CAR7|CLIC3|CLIC5|CLIC6|GABRA2|GABRA3|GABRA4|GABRB1|GABRB2|GABRD|GABRE|GABRP|GABRR2|GLRB|OSTM1|ABCC3|SLC26A10|TTYH1|SLC26A2|TTYH2|SLC26A4|TTYH3|TMC4|ATP8B1|BEST1|BEST2|GOPC|CASR|PDZK1|PRKG2|RAB11B|AQP6|STC1|CLCN5|CLCNKB|CLDN4|KCNK1|KCNK2|KCNE2|LRRC8A|LRRC8B|LRRC8C|VDAC1|LRRC8D|LRRC8E|AHCYL1|SLC12A5|KCNN4|KCNQ1|PANX1|CLCN3|CLCN7|SLC12A4|SLC12A6|SLC12A7|SLC12A8|SLC25A14,https://www.gsea-msigdb.org/gsea/msigdb/mouse/geneset/GOBP_MONOATOMIC_ANION_TRANSPORT,133,ENR,GOBP_MONOATOMIC_ANION_TRANSPORT,1,1.5936255E-2,GOBP_MONOATOMIC_ANION_TRANSPORT,FALSE,GOBP_MONOATOMIC_ANION_TRANSPORT
3,2.7084209139887099,2.7084209139887099,2.7084209139887099,1,,3.1119120000000001E-3,,CYB5R4|CUBN|CYP1A1|SLC6A9|CLYBL|MMAB|MMACHC|MMADHC|UROS|SLCO1A6|SLCO1B2|HNF1A|MTR|TMEM14A|ABCD4|COX10|CYP1A2|CPOX|SLC25A39|AMN|CYP2A5|FXN|MMAA|ABCB10|ABCB6|ABCB7|ALAD|ALAS1|ALAS2|ANK1|BLVRB|COX15|EIF2AK1|FECH|HEBP1|HMBS|HMOX1|HMOX2|IREB2|BLVRA|PGRMC1|PPOX|RSAD1|SLC11A2|SLC48A1|SNX3|SRRD|TMEM14C|MTRR|UGT1A1|BDH2|UROD|HPX,https://www.gsea-msigdb.org/gsea/msigdb/mouse/geneset/GOBP_TETRAPYRROLE_METABOLIC_PROCESS,53,ENR,GOBP_TETRAPYRROLE_METABOLIC_PROCESS,1,0,GOBP_TETRAPYRROLE_METABOLIC_PROCESS,FALSE,GOBP_TETRAPYRROLE_METABOLIC_PROCESS
1,2.7084209139887099,2.7084209139887099,2.7084209139887099,1,,1.3139105E-2,,AOC3|GPD1L|PRKCB|PRKCD|ERBB4|AKT2|CHRM3|NPPA|FMR1|KLF15|PDE4D|MET|P2RY6|PID1|RHOQ|SPHK2|TGFB1|PRKCA|PIK3C2A|AHI1|BPIFA1|APPL1|ASPSCR1|PIK3CG|CLIP3|CNIH2|CREBL2|CTTNBP2NL|DAPK1|C3|ERBB3|FGF21|GPC3|AKT1|GSG1L|MAPK8IP2|MINK1|ATP7A|NLGN2|PLCG1|OAZ2|PLCG2|OCLN|OSBPL8|PEA15A|PIM1|ACE|PRKCI|ACE2|PRRT1|PTPN11|RASGRF1|RASGRF2|RTN2|SH2B2|SHANK1|ARHGEF11|SHISA7|ARL6IP1|SHISA9|ARL6IP5|STXBP4|UPK3B|YES1|CX3CL1|CXCL10|TMEM38B|CXCL11|ISCU|MFN2|CXCL9|VDAC1|F2|MYC|AHCYL1|GIMAP3|GIMAP5|HAMP|HAMP2|IL1B|SLC25A27|REPIN1|RGS2|RPS6KB1|PARK7|PPIF|PTPN6|SLC17A8|SNCA|SLC1A2|TNF|ABCC9|BAX|XCL1|IFNG|IL4|NR4A3|SLC26A6|CHD7|OPN3|BRAF|ADRB1|CRHBP|C1QTNF2|SLC43A1|SLC43A2|ENPP1|PLCB1|GRB10|GSK3A|IGF1|INPP5K|INS1|INS2|INSR|IRS1|IRS2|MTOR|SLC7A5|PER2|NFE2L2|NLGN1|THBS1|SORBS1|ACACB|NOL3|ACTB|G6PDX|HK2|P2RX7|RNASEL|PSEN1|SIRT6|UCP2|ACSL5|ADIPOQ|ABCB1A|ABCB1B|ABL1|ACTN2|ADRB2|AFG3L2|AGRN|AGTR1A|ARG1|AHNAK|ARG2|AKAP5|SLC34A1|AKAP6|ATP2B4|AKAP7|AKAP9|AMIGO1|ANK2|ANK3|ANO6|APLNR|ARF1|ASPH|ATG5|ATP1B2|ATP1B3|ATP2A1|ATP4A|BAK1|BCL2|BDKRB1|BMP4|CACNA1C|CACNA1D|CACNA1F|CACNA2D1|CACNB1|CACNB2|CACNB3|CACNG1|ACSL1|CALM1|CALM2|CALM3|ACSL6|CAMK2D|CAPN3|CASQ1|CASQ2|CAV3|CD19|CD4|CD63|ADIPOR2|CFTR|AGT|CLEC4B1|DBI|AHR|CNKSR3|COMMD1|CORO1A|CRBN|CTSS|CXCR3|CYBA|DHRS7C|DLG1|DMD|DPP10|DPP6|DRD4|DYSF|EDN3|EDNRA|EHD3|F2R|F2RL3|FBXO11|FCRL5|FGF12|FGF13|FGF14|FHL1|FKBP1A|FKBP1B|FLNA|FXYD1|APPL2|FXYD2|FXYD3|FXYD4|CAPN10|FXYD5|FXYD6|FXYD7|FYN|GAL|CAV1|GALR2|GJC2|GNB2|GNB5|GOPC|GPR35|GPR39|GRIA1|GRIN1|GRIN2C|GRM6|GRP|GSTO1|HAP1|HEPH|HOMER1|HPCA|HRC|HSPA2|IKBKB|IL13|ITGB1|ITGB3|JPH2|JPH3|JSRP1|KCNAB1|KCNAB2|KCNAB3|KCNC1|KCNC2|KCNE1|KCNE2|KCNE3|KCNG4|KCNH2|KCNIP1|KCNIP2|KCNIP3|KCNIP4|KCNJ1|KCNJ10|KCNJ11|KCNJ12|KCNJ13|KCNJ15|KCNJ16|KCNJ2|KCNJ5|KCNJ6|KCNJ8|KCNMB1|KCNN2|MEF2A|KCNN4|KCNQ1|KCNRG|KCNS1|KEL|LCN2|LIME1|LRRC26|LRRC52|LRRC55|LYN|MMP9|EDN1|MS4A1|MS4A2|NDUFA4|NEDD4|NEDD4L|NGF|NLGN3|NR3C2|OAZ1|OSR1|OXSR1|P2RX1|RAP1A|P2RX4|P2RX5|PCSK9|PDPK1|PHB2|PKD2|PLN|FABP5|PML|PPP3CA|PPP3CB|PPP3CC|PPP3R1|PRKCE|PRKD1|PRNP|PRSS8|PSEN2|PTGER3|PTK2B|PTPN22|PTPN3|RANGRF|RAPGEF3|RELN|REM1|RGS4|GSTM7|RGS7|RGS9|RIPK1|RNF207|RYR2|SCN1B|SCN2B|SCN3B|SCN4B|SCN5A|SESTD1|SLC30A1|SLC31A2|SLC36A2|SLC8A1|SLC9A1|SLC9A6|SLMAP|SLN|MAPK14|SNTA1|SPG7|SRI|STAC|STAC2|STAC3|STIM1|STIM2|MYO5A|STK39|STOM|SUMO1|TCIRG1|TESC|TGFB2|THY1|TLR9|TMBIM6|TMEM168|TMEM38A|TRDN|TRPC1|TRPC3|TRPC6|TSPAN13|UBASH3B|UBQLN1|UBR3|VAMP2|VMP1|WNK1|WNK2|PLP1|WNK4|WWP2|YWHAE|YWHAH|YWHAQ|ESR1|SCO1|GH|TRIB3|AZIN1|CAR2|HTT|TACO1|SLC38A1|COX17|AK1|RASA1|BIN1|ATP1A2|ATP1B1|CACNB4|ADCYAP1R1,https://www.gsea-msigdb.org/gsea/msigdb/mouse/geneset/GOBP_REGULATION_OF_TRANSMEMBRANE_TRANSPORT,419,ENR,GOBP_REGULATION_OF_TRANSMEMBRANE_TRANSPORT,1,0,GOBP_REGULATION_OF_TRANSMEMBRANE_TRANSPORT,FALSE,GOBP_REGULATION_OF_TRANSMEMBRANE_TRANSPORT
14,1.4904851937486201,1.4904851937486201,1.4904851937486201,0.96767676599999997,,9.3382800000000002E-2,,SCARB1|STRA6|SLC19A1|SLC25A32|SLC19A2|SLC19A3|SLC22A1|ABCC5|SLC25A19|RBP4|SLC22A2|GC|SLC27A1|SLC44A4|SLC46A1|SLC47A1|SLC23A1|SLC23A2|LRP2|SLC5A6,https://www.gsea-msigdb.org/gsea/msigdb/mouse/geneset/GOBP_VITAMIN_TRANSMEMBRANE_TRANSPORT,20,ENR,GOBP_VITAMIN_TRANSMEMBRANE_TRANSPORT,1,3.2323233999999999E-2,GOBP_VITAMIN_TRANSMEMBRANE_TRANSPORT,FALSE,GOBP_VITAMIN_TRANSMEMBRANE_TRANSPORT
13,2.4014005373071901,2.4014005373071901,2.4014005373071901,0.996031746,,1.7378075E-2,,ACACB|G6PDX|TALDO1|TKT|PGD|ALDOB|PGLS|H6PD|MTOR|PRPS1|PRPS2|RBKS|HSD11B1|RPE|RPIA|RPTOR|MLST8|SHPK|TRP53,https://www.gsea-msigdb.org/gsea/msigdb/mouse/geneset/GOBP_PENTOSE_PHOSPHATE_SHUNT,19,ENR,GOBP_PENTOSE_PHOSPHATE_SHUNT,1,3.9682540000000001E-3,GOBP_PENTOSE_PHOSPHATE_SHUNT,FALSE,GOBP_PENTOSE_PHOSPHATE_SHUNT
5,2.07918121130407,2.07918121130407,2.07918121130407,0.99166666599999997,,5.8712684000000001E-2,,RBM34|RPL14|RPL24|FTSJ3|RPL26|RPF1|RPF2|RPL7L1|RPL35|RPL35A|GTF3A|RRP15|GTPBP4|RPL5|HEATR3|RPL7|RPL7A|RRS1|RSL24D1|SDAD1|LAS1L|MAK16|MDN1|MRTO4|SURF6|BOP1|BRIX1|NIP7|NLE1|TRMT112|NOC2L|FASTKD2|URB1|CINP|NOL9|EIF6|NOP16|NOP2|DDX18|NPM1|NSA2|DDX28|WDR12|NVL|PAK1IP1|WDR74|PES1|DHX30|PPAN|ZFP622|ZNHIT3|EBNA1BP2|ZNHIT6|RPL11,https://www.gsea-msigdb.org/gsea/msigdb/mouse/geneset/GOBP_RIBOSOMAL_LARGE_SUBUNIT_BIOGENESIS,54,ENR,GOBP_RIBOSOMAL_LARGE_SUBUNIT_BIOGENESIS,1,8.3333339999999995E-3,GOBP_RIBOSOMAL_LARGE_SUBUNIT_BIOGENESIS,FALSE,GOBP_RIBOSOMAL_LARGE_SUBUNIT_BIOGENESIS
3,2.7084209139887099,2.7084209139887099,2.7084209139887099,1,,1.4267513000000001E-3,,CYB5R4|CPOX|SLC25A39|CYP1A1|SLC6A9|UROS|CYP2A5|FXN|SLCO1A6|SLCO1B2|ABCB10|ABCB6|ABCB7|ALAD|ALAS1|HNF1A|ALAS2|ANK1|BLVRB|COX15|EIF2AK1|FECH|HEBP1|HMBS|HMOX1|HMOX2|IREB2|BLVRA|PGRMC1|PPOX|RSAD1|TMEM14A|SLC11A2|SLC48A1|SNX3|SRRD|TMEM14C|UGT1A1|BDH2|COX10|UROD|HPX|CYP1A2,https://www.gsea-msigdb.org/gsea/msigdb/mouse/geneset/GOBP_PORPHYRIN_CONTAINING_COMPOUND_METABOLIC_PROCESS,43,ENR,GOBP_PORPHYRIN_CONTAINING_COMPOUND_METABOLIC_PROCESS,1,0,GOBP_PORPHYRIN_CONTAINING_COMPOUND_METABOLIC_PROCESS,FALSE,GOBP_PORPHYRIN_CONTAINING_COMPOUND_METABOLIC_PROCESS
6,2.3953264113314301,2.3953264113314301,2.3953264113314301,0.99597585529999999,,3.8530460000000002E-2,,NEDD4L|RGS2|RPS6KB1|P2RX4|PGAM2|PLN|PRKD1|3425401B19RIK|PSEN2|ADRA1A|GPD1L|RANGRF|REM1|CACNA1H|RNF207|ATP2A2|RYR2|ATP8A2|SCN1B|SCN2B|CACNA1S|SCN3B|TNF|SCN4B|TRPV4|SCN5A|CCDC78|SLC8A1|SLC9A1|MYH6|CHRNA1|MYH7|ABCC9|CHRNB1|SNTA1|CHRNE|SRI|STAC|STAC2|ATP1A1|STAC3|CTNNA3|SUMO1|DDIT3|SRSF1|DSC2|NPPA|DMPK|DSG2|DSP|ACTC1|TMEM38A|HCN4|GATA4|SMAD7|CSRP3|GJA5|GRCC10|PIK3CA|NKX2-5|LMOD3|SCN4A|MYBPC3|JUP|KCND3|MYL2|KCNE4|VPS54|ADCY10|PDE4D|ADRA1B|PDE5A|ADRB1|MAP2K3|ADRB2|AGRN|MET|ARG2|AKAP6|TRPM4|AKAP9|MYL1|ANK2|MYL3|MYL4|GAA|TCAP|MYLK2|TNNT1|TNNT2|ATP2A1|TNNT3|TPM1|TTN|NR4A1|ZC3H12A|NUP155|CACNA1C|CACNA1D|CACNA2D1|CACNB2|CALM1|PKP2|CALM2|PPP1R13L|CALM3|CAMK2D|CASQ1|CASQ2|RCSD1|CAV3|MTOR|RYR1|RYR3|SGCD|SMAD5|SMTN|DLG1|HSP90AA1|DMD|CXCR4|SYNM|ACTN3|EHD3|FGF13|TNNC1|TNNC2|TNNI1|ACE2|TNNI2|ADORA1|FKBP1B|TNNI3|FLNA|FXYD1|KCNA5|CHGA|UTY|ATP1A3|VEGFB|CAV1|ALDOA|STC1|HOMER1|JSRP1|TMEM38B|GSN|KCNE1|KCNE2|KCNE3|KCNH2|MAP2K6|BIN1|KCNJ2|KCNJ5|KCNJ8|HDAC4|ATP1A2|KCNN2|ATP1B1|KCNQ1|MYH14,https://www.gsea-msigdb.org/gsea/msigdb/mouse/geneset/GOBP_STRIATED_MUSCLE_CONTRACTION,162,ENR,GOBP_STRIATED_MUSCLE_CONTRACTION,1,4.0241447000000001E-3,GOBP_STRIATED_MUSCLE_CONTRACTION,FALSE,GOBP_STRIATED_MUSCLE_CONTRACTION
,2.7084209139887099,2.7084209139887099,2.7084209139887099,1,,1.0170111000000001E-2,,CRYZ|CYP2AB1|LYST|CYP2C65|CYP2C67|CYP2C68|CYP2C69|BECN1|CYP2C70|CYP2R1|CYP3A11|CYP3A44|FMO5|GSTA2|GSTA3|GSTA4|GSTM5|GSTO2|GSTT1|NCKAP1L|N6AMT1|NCEH1|NR1I2|NFKBIZ|SULT1A1|FMO2|TPMT|UGT1A6B|UGT2B1|VKORC1|ADRA1A|GUK1|PMS2|HSPA8|PRKCB|CD38|RORC|HTR2B|HTR2C|NNMT|NPPC|GATA4|NUDT15|ITGA2|TFRC|PDE4A|LCK|PFAS|RORA|SLC1A3|OXTR|PDE4B|TGFB1|TSPO|TYMS|UMPS|ADM|SMAD1|SOD1|UMOD|ABCC1|ABCC2|TBXA2R|BDNF|CAT|ACE|CDK1|ADORA2A|CCL2|COL6A1|ATP1A3|CCL3|CCL4|PTPN5|YWHAZ|MAP2K6|MGST1|MYC|MYO6|GATA3|GATA6|APOBEC1|IL1B|PLIN2|SLC18A2|RPS6KB1|LTA|SLC10A1|MEF2C|MMP7|SLC10A4|RHOA|SLC19A1|SNCA|SLC1A1|SLC1A2|TNF|SLC22A12|UQCRC2|UQCRFS1|TRAF3IP2|ABCC9|CYP1A2|IFNG|CDKN2A|BRAF|CALR|CASP3|SOD2|CDK4|CDKN1B|CRHBP|COMT|CYBB|DNMT3A|EGFR|GNAS|FOS|FOSB|GABRB3|GGH|GPLD1|IGF2|LCT|SLCO1A1|MDM2|SLCO1A6|SLCO1B2|RBM22|NCAM1|HSP90AA1|NFATC2|NFE2L2|NPC1|NQO1|OGG1|PCNA|PCSK1|PDX1|REST|CASP1|TRP53|SMPD1|ACACB|TNFRSF11B|TXNIP|CROT|EP300|FBP1|FKRP|BLM|IL10|BLOC1S3|LPO|HDAC4|CDKN1A|HMGCS2|LIPA|P2RX7|SERPINE1|SLAMF8|PRKAA1|PRKAA2|ALDH3A1|RPTOR|IGFBP2|SRC|HSD11B2|UCHL1|SCNN1B|ABAT|ABCB11|ABCD3|ACAA1A|ATP1A1|ACAA1B|KCNK3|RHBDD3|SCGB1A1|ADIPOQ|SFRP1|ALDH1A1|ALDH2|ABCB1A|ABCB1B|ABL1|XRCC5|AKAP5|TCF3|AACS|TGFBR2|BLMH|ATG5|ATP4A|BAK1|SLC6A2|BCL2|SLC6A4|CPT1A|VAV3|CYP1A1|ACSL1|CYP26A1|CYP26B1|XBP1|CYP27B1|CREB1|CYP46A1|ADIPOR2|CFTR|AHR|SRD5A1|STAR|AKR1C12|AKR1C13|AKR1C20|AKR1C6|DMD|DPEP1|DPYD|TLR3|CPB2|GAD2|CNTNAP2|GPR39|GRIA1|GRIN1|GSTO1|HADH|ITGA3|CYP1B1|HADHA|CYP2A12|CYP2A22|CYP2A4|ITGB3|CYP2A5|CYP2B10|CYP2B13|CYP2B19|CYP2B9|CYP2C29|CYP2C37|KCNC1|CYP2C38|CYP2C40|CYP2C50|KCNE2|CYP2C54|CYP2C55|CYP2D10|KCNH2|CYP2D12|CYP2D22|CYP2D26|CYP2D34|CYP2D9|JUN|CYP2E1|KDR|CYP2F2|KCNJ11|CYP2G1|CYP2J11|CYP2J13|CYP2J5|CYP2J6|CYP2J9|CYP2S1|CYP2U1|KCNJ8|KCNQ1|ABCA1|LCN2|ACER2|AIM2|ANKRD1|NOS2|BMYC|CDH13|LYN|CHEK2|MMP9|CRKL|EDN1|EHMT2|FANCB|MCM7|PAX6|PPM1E|PPM1F|PPP1R12A|OTC|PPP1R14A|OXSR1|PPP1R9B|RAP1A|RAP1B|RAP2A|RB1|RECQL5|RNF149|SOX10|SUFU|PNP|PNP2|FMO1|PON3|FMO4|PRNP|GPX1|PTK2B|GSTA1|GSTM1|GSTM2|GSTM3|GSTM4|GSTM6|GSTM7|GSTP1|GSTP2|HDAC5|HNF4A|SULT1B1|NTRK1|SULT2A1|SULT2A2|SULT2A3|MAPK9|SULT2A5|SULT2A6|SULT2A7|PAM|ACTC1|WNK4|ADAM17|PTGS2|CARD9|SREBF1|TH|CD69|ERRFI1|FMO3|ASS1|UGT1A6A|CPS1|GCLC|GCLM|CTNNB1|FOSL2|NR1H4|PEMT|TOP1|MAOB|ABCG5|MYLK|ABCG8|ADD3|ARNT2|BCHE|C130074G19RIK|CAR9|FOXO3|CCND1|CCNO|CCNT1|CDH3|COL1A1|DGCR2|DNMT1|SRR|DUSP6|EI24|EMX1|EMX2|ENG|FOSL1|FZD1|FZD3|GNA12|GNPAT|LOX|LRP8|MAT2A|ADCY1|GAS6|MMP2|NKX6-1|NPAS2|PDE3A|PRICKLE1|PTCH1|PTPRM|RAD51|RAD54B|ALAD|RAD54L|RASA1|RELA|RET|ROGDI|RPP21|SERPINA7|FECH|SFRP2|SHANK2|HMBS|SLC12A5|AOX1|SLITRK5|SRP68|E2F1|SS18|SST|PPOX|TERF1|TFAP2B|TJP1|TRP53I13|TXN2|UBE2B|USP47|UGT1A1|VEGFC|XPC|XRCC1|AHRR|CAD|AIP|AOX3|AOX4|AS3MT|AGPAT2|CBR1,https://www.gsea-msigdb.org/gsea/msigdb/mouse/geneset/GOBP_RESPONSE_TO_XENOBIOTIC_STIMULUS,434,ENR,GOBP_RESPONSE_TO_XENOBIOTIC_STIMULUS,1,0,GOBP_RESPONSE_TO_XENOBIOTIC_STIMULUS,FALSE,GOBP_RESPONSE_TO_XENOBIOTIC_STIMULUS
10,2.20321425985302,2.20321425985302,2.20321425985302,0.99373695200000001,,3.0312461999999998E-2,,BCL2|LY9|TOX|CD69|DOCK2|TGFB1|BCL11B|FOXN1|MTOR|GLI3|CD4|OTUD5|RHOA|PTPRC|STAT3|IL15|FAS|MINK1|CTSL|FOXP3|BTNL1|BTNL6|CD74|JAG2|STK11|CCR7|IL4|SLAMF6|NFATC3|PTPN2|SHH|SPN|ITPKB|STAT6|BRAF|IL23A|OPA1|TBX21|EP300|THEMIS|SKINT1|SYK|IL6|IL6RA|BATF|CARD11|IRF4|TNFSF18|BRD2|BRD4|GATA3|CD1D1|H2-DMA|SRF|ATG5|CD28|CD3D|CD3E|CYLD|LGALS1|CD3G|ZAP70|LOXL3,https://www.gsea-msigdb.org/gsea/msigdb/mouse/geneset/GOBP_T_CELL_SELECTION,63,ENR,GOBP_T_CELL_SELECTION,1,6.2630480000000002E-3,GOBP_T_CELL_SELECTION,FALSE,GOBP_T_CELL_SELECTION
5,2.7084209139887099,2.7084209139887099,2.7084209139887099,1,,2.5506888000000001E-4,,PWP1|PWP2|RBFA|RBM10|RBM34|RPL14|RCL1|REXO1|REXO4|RIOK1|RIOK2|RIOK3|RPL24|RNASEL|RPL26|RPF1|RPL27|RPF2|RPL7L1|RPP25|RPP30|RPP38|RPL35|RPP40|RPL35A|RPS19BP1|RPS27L|RPUSD1|RPUSD2|RRN3|RPL38|RRP1|RRP15|RPL5|RRP1B|RRP36|RPL7|RRP7A|RPL7A|RRP8|RRP9|RRS1|RSL24D1|RPS11|RPS12|SART1|RPS14|RPS15A|SBDS|RPS16|RPS24|SDAD1|RPS27|RPS27A|RPS28|RPS5|SIRT7|DHX29|SRFBP1|SURF6|SUV39H1|TBL3|TRMT112|TRMT2B|TSC1|TSR1|TSR2|URB1|NUDT16|URB2|USP16|USP36|UTP14A|UTP14B|UTP15|EIF5|UTP18|UTP20|FAU|UTP23|UTP3|UTP6|WBP11|WDR12|WDR18|WDR3|WDR36|WDR43|WDR46|WDR55|WDR74|WDR75|XPO1|XRCC5|YBEY|ZCCHC4|ZFP593|ZFP622|ZFP658|ZNHIT3|RAN|ZNHIT6|RPL11|RPLP0|RPS13|RPS15|RPS17|RPS19|RPS21|RPS23|RPS25|RPS4X|RPS6|RPS7|RPS8|RPS9|RPSA|YTHDF2|PTEN|AATF|ABCF1|ABT1|BMS1|BOP1|BRIX1|BYSL|MYBBP1A|C1D|CDKN2A|C1QBP|CHD7|FASTKD2|CINP|CUL4A|CUL4B|DCAF13|DDX10|DDX17|MPV17L2|DDX18|MRPL10|DDX21|DDX27|DDX28|DDX31|DDX3X|DDX47|DDX49|DDX51|DDX52|DDX54|DDX56|DHX30|DHX37|DICER1|DIMT1|DIS3|DKC1|DNTTIP2|DROSHA|EBNA1BP2|EIF1A|EIF1AX|EIF2A|EIF4A3|EIF5B|EMG1|ERAL1|ERCC2|ERI1|ESF1|EXOSC1|EXOSC10|EXOSC2|EXOSC3|EXOSC4|EXOSC5|EXOSC6|EXOSC7|EXOSC8|EXOSC9|FBL|FCF1|FDXACB1|FRG1|FTSJ3|GAR1|GLUL|GNL2|MRPS2|GNL3L|GREB1L|GRWD1|GTF2H5|GTF3A|GTPBP10|GTPBP4|HEATR1|HEATR3|IMP3|IMP4|IPO4|IPO9|MRPS7|ISG20|ISG20L2|KRI1|KRR1|LAS1L|LSG1|NGRN|NSUN3|NSUN4|LSM6|LTV1|LYAR|MAK16|RPUSD4|MCAT|MDN1|METTL15|METTL16|METTL17|METTL5|MPHOSPH10|MPHOSPH6|MPV17L|MRM1|MRTO4|MYG1|NAF1|NAT10|NCL|NGDN|NHP2|NIP7|NLE1|NMD3|NOA1|NOB1|NOC2L|NOC4L|NOL10|NOL11|NOL6|TFB1M|NOL7|TFB2M|NOL8|NOL9|EIF6|NOM1|NOP10|NOP14|NOP16|NOP2|NOP56|NOP58|NPM1|NPM3|NSA2|NSUN5|NUP88|NVL|PA2G4|PAK1IP1|PDCD11|PELP1|PES1|PIH1D1|PIH1D2|PIN4|PNO1|POP4|POP5|POP7|PPAN|PRKDC|KAT2B,https://www.gsea-msigdb.org/gsea/msigdb/mouse/geneset/GOBP_RIBOSOME_BIOGENESIS,279,ENR,GOBP_RIBOSOME_BIOGENESIS,1,0,GOBP_RIBOSOME_BIOGENESIS,FALSE,GOBP_RIBOSOME_BIOGENESIS
8,2.7084209139887099,2.7084209139887099,2.7084209139887099,1,,1.0408842E-2,,SLC31A1|SLC39A11|SLC39A12|SLC39A4|SLC39A6|STEAP2|TRPM1|P2RX1|P2RX5|PPP3CA|SLC12A2|PPP3CB|PPP3CC|SLC9A9|PPP3R1|PRNP|CACNA1S|TRPV4|SCN5A|SLC30A1|SCNN1B|SLC8A1|SLC9A1|SLC9A6|ABCC9|ATP12A|ATP1A1|IFNG|HCN2|HCN4|WNK1|WNK2|WNK4|SCNN1A|SCNN1G|SLC39A10|KCND3|SLC12A1|SLC12A3|ADRB1|ADRB2|SLC24A2|AGTR1A|SLC39A14|AKAP5|SLC34A1|TRPM4|ANK3|SLC5A1|SLC5A2|ATP1B2|ATP1B3|ATP4A|SLC5A6|SLC8A2|SLC9A2|CACNA1C|SLC9A3|CACNA1D|SLC9A4|CACNA1F|SLC9A5|SLC9A7|TRPM2|DLG1|FXYD2|AQP8|ATP1A3|FYN|CAV1|CACNA1A|PAWR|SLC30A8|SLC39A5|GRM6|SLC39A8|TRPV6|TRPV2|SLC30A5|ISCU|KCNE2|KCNH2|KCNJ1|KCNJ10|KCNJ11|KCNJ12|KCNJ13|KCNJ15|KCNJ16|SLC12A5|KCNJ2|KCNJ5|KCNJ6|KCNJ8|ATP1A2|ATP1B1|KCNN4|SLC11A2|KCNQ1|LCN2|CACNA1E|KCNK5|SLC12A4|SLC12A6|MS4A1|SLC12A7|SLC12A8,https://www.gsea-msigdb.org/gsea/msigdb/mouse/geneset/GOBP_INORGANIC_ION_IMPORT_ACROSS_PLASMA_MEMBRANE,107,ENR,GOBP_INORGANIC_ION_IMPORT_ACROSS_PLASMA_MEMBRANE,1,0,GOBP_INORGANIC_ION_IMPORT_ACROSS_PLASMA_MEMBRANE,FALSE,GOBP_INORGANIC_ION_IMPORT_ACROSS_PLASMA_MEMBRANE
9,1.8590524798035599,1.8590524798035599,1.8590524798035599,0.98616600799999998,,6.4355319999999994E-2,,CTNS|ADAM10|CYP3A11|CYP3A44|POR|SULT1A1|UGT2B1|ALDH1A2|ALDH1A3|BCO2|BMP2|BMP5|DGKQ|BMP6|ADH6A|CACNA1H|AWAT2|CLCN2|CYP11A1|DAB2|DHRS3|DHRS4|DHRS7|DKK3|EDNRB|KCNMA1|LRAT|RBP4|PLB1|RDH10|PNPLA2|RDH11|RDH1|RDH13|RDH12|SCNN1B|RDH14|SDR16C5|RDH16|WNT4|RDH5|RDH7|RDH9|RETSAT|SDR9C7|ATP1A1|DIO1|NR5A2|ECE1|SLC16A2|ADH1|ADH4|ADH7|AKR1C18|PAPSS2|AKR1D1|ALDH1A1|ALDH1A7|CTSB|CTSK|DIO2|DIO3|DUOXA1|DUOXA2|ALDH8A1|GCNT4|PDE8B|TG|SLC5A5|CES1D|CES1F|CYP1A1|CYP26A1|AFP|CYP26B1|CYP27A1|CYP27B1|CYP17A1|CYP46A1|DHRS9|EGR1|HSD17B1|ADM|HSD3B4|AGT|INHBA|SRD5A1|STAR|AKR1C12|STARD3|AKR1C13|STAT5B|AKR1C14|DDO|AKR1C19|AKR1C20|AKR1C21|AKR1C6|STUB1|AKR1CL|CTSL|ACE|ACE2|PTPN11|FURIN|HPN|GAL|CACNA1A|CES1E|CES2A|CES2C|CES2E|CRABP2|CORIN|SLC30A5|CYP1B1|NAGLU|IDE|HSD17B10|HSD17B4|HSD17B6|CYP2C55|CYP2D22|IL4I1|ATP6AP2|KLF9|SPP1|ZMPSTE24|LIPE|CYP2S1|GATA3|KCNJ6|NR3C1|DGAT2|RBP1|BBS1|CPE|DISP1|ECE2|FOXA1|HSP90B1|MEP1A|MYT1|PCSK1N|PCSK2|PCSK4|PCSK5|PCSK6|SCG5|YIPF5|SLC16A10|RELN|SCARB1|SCP2|HSD17B12|SP1|STRAP|SULT1B1|SULT1E1|SULT2A1|SULT2A2|SULT2A3|SULT2A5|SULT2A6|SULT2A7|CYP1A2|FFAR3|CHST8|SHH|PNLIP|PPARGC1A|GHR|BMPR1B|CHST10|DHRS11|ANPEP|CPA3|ESR1|ENPEP|CRHBP|MME|PDGFRA|SGPL1|PRCP|COMT|PREP|GFI1|ENPP1|GH|GNB3|HSD17B11|PAX8|HSD17B2|HSD17B7|IGF1R|IGF1|IGF2|INS2|MED1|PRMT3|PLEKHA1|SLCO1C1|SLCO4A1|TIPARP|HTT|UGT1A7C|UGT2B35|IYD|UGT2B36|PCSK1|UGT2B5|REST|HSD3B2|HSD3B3|HSD3B6|P4HB|SAFB|TCF7L2|SLC30A8|HFE|STC2|ARNT|CRYM|DGAT1|FDX1|H6PD|HIF1A|NFKB1|UGT1A1|HSD11B1,https://www.gsea-msigdb.org/gsea/msigdb/mouse/geneset/GOBP_HORMONE_METABOLIC_PROCESS,230,ENR,GOBP_HORMONE_METABOLIC_PROCESS,1,1.3833992E-2,GOBP_HORMONE_METABOLIC_PROCESS,FALSE,GOBP_HORMONE_METABOLIC_PROCESS
6,1.5953266086689899,1.5953266086689899,1.5953266086689899,0.974609375,,9.1058239999999999E-2,,NUP155|NEDD4L|CACNA1C|CACNA1D|DSC2|DSG2|CACNA2D1|DSP|CACNB2|PKP2|GJA5|CAV3|GPD1L|KCNE1|KCNE2|JUP|KCNE3|DLG1|KCNH2|KCND3|KCNE4|RNF207|RYR2|SCN1B|SCN2B|SCN3B|SCN4B|BIN1|KCNJ2|SCN5A|KCNJ5|KCNJ8|KCNN2|TRPM4|FLNA|KCNQ1|ANK2|SNTA1|KCNA5|CAV1|CTNNA3,https://www.gsea-msigdb.org/gsea/msigdb/mouse/geneset/GOBP_CARDIAC_MUSCLE_CELL_ACTION_POTENTIAL_INVOLVED_IN_CONTRACTION,41,ENR,GOBP_CARDIAC_MUSCLE_CELL_ACTION_POTENTIAL_INVOLVED_IN_CONTRACTION,1,2.5390625E-2,GOBP_CARDIAC_MUSCLE_CELL_ACTION_POTENTIAL_INVOLVED_IN_CONTRACTION,FALSE,GOBP_CARDIAC_MUSCLE_CELL_ACTION_POTENTIAL_INVOLVED_IN_CONTRACTION
5,2.7084209139887099,2.7084209139887099,2.7084209139887099,1,,5.9740189999999997E-3,,PWP1|PWP2|RBFA|RBM34|RPL14|RCL1|REXO1|REXO4|RIOK1|RIOK2|RIOK3|RNASEL|RPL26|RPF1|RPL27|RPF2|RPL7L1|RPP25|RPP30|RPP38|RPL35|RPP40|RPL35A|RPUSD1|RPUSD2|RRP1|RRP15|RPL5|RRP1B|RRP36|RPL7|RRP7A|RPL7A|RRP8|RRP9|RRS1|SART1|RPS14|SBDS|RPS16|RPS24|RPS27|RPS28|SIRT7|SRFBP1|SUV39H1|TBL3|TRMT112|TRMT2B|TSR1|TSR2|URB1|NUDT16|USP36|UTP14A|UTP14B|UTP15|UTP18|UTP20|UTP23|UTP3|UTP6|WBP11|WDR12|WDR18|WDR3|WDR36|WDR43|WDR46|WDR55|WDR74|WDR75|YBEY|ZCCHC4|ZNHIT3|ZNHIT6|RPL11|RPS15|RPS17|RPS19|RPS21|RPS25|RPS6|RPS7|RPS8|YTHDF2|ABT1|BMS1|BOP1|BRIX1|BYSL|C1D|CDKN2A|CHD7|DCAF13|DDX10|DDX17|DDX18|DDX21|DDX27|DDX47|DDX49|DDX51|DDX52|DDX54|DDX56|DHX37|DICER1|DIMT1|DIS3|DKC1|DROSHA|EBNA1BP2|EIF4A3|EMG1|ERCC2|ERI1|ESF1|EXOSC1|EXOSC10|EXOSC2|EXOSC3|EXOSC4|EXOSC5|EXOSC6|EXOSC7|EXOSC8|EXOSC9|FBL|FCF1|FDXACB1|FRG1|FTSJ3|GAR1|GTF2H5|GTPBP4|HEATR1|IMP3|IMP4|ISG20|KRI1|KRR1|LAS1L|NSUN3|NSUN4|LSM6|LYAR|MAK16|RPUSD4|METTL15|METTL16|METTL5|MPHOSPH10|MPHOSPH6|MRM1|MRTO4|MYG1|NAF1|NAT10|NCL|NGDN|NHP2|NOB1|NOL10|NOL11|NOL6|TFB1M|NOL7|TFB2M|NOL8|NOL9|EIF6|NOP10|NOP14|NOP2|NPM1|NPM3|NSA2|NSUN5|NVL|PA2G4|PAK1IP1|PDCD11|PELP1|PES1|PIH1D1|PIH1D2|PIN4|POP4|POP5|POP7|PPAN|PRKDC|KAT2B,https://www.gsea-msigdb.org/gsea/msigdb/mouse/geneset/GOBP_RRNA_PROCESSING,194,ENR,GOBP_RRNA_PROCESSING,1,0,GOBP_RRNA_PROCESSING,FALSE,GOBP_RRNA_PROCESSING
8,2.6857417323049901,2.6857417323049901,2.6857417323049901,0.99793814430000005,,2.6364390000000001E-2,,HCN2|HCN4|SLC12A2|WNK1|WNK2|WNK4|KCNE2|DLG1|KCNH2|KCND3|SLC12A1|SLC12A3|KCNJ1|KCNJ10|KCNJ11|KCNJ12|KCNJ13|KCNJ15|KCNJ16|SLC12A5|KCNJ2|KCNJ5|KCNJ6|KCNJ8|ATP1A2|ATP1B1|KCNQ1|ABCC9|FXYD2|ATP12A|ATP1A1|ATP1A3|ATP1B2|KCNK5|ATP1B3|SLC12A4|SLC12A6|ATP4A|SLC12A7|SLC12A8,https://www.gsea-msigdb.org/gsea/msigdb/mouse/geneset/GOBP_POTASSIUM_ION_IMPORT_ACROSS_PLASMA_MEMBRANE,40,ENR,GOBP_POTASSIUM_ION_IMPORT_ACROSS_PLASMA_MEMBRANE,1,2.0618556999999998E-3,GOBP_POTASSIUM_ION_IMPORT_ACROSS_PLASMA_MEMBRANE,FALSE,GOBP_POTASSIUM_ION_IMPORT_ACROSS_PLASMA_MEMBRANE
6,1.9361784937269899,1.9361784937269899,1.9361784937269899,0.988416988,,5.6409500000000001E-2,,WDR1|NEDD4L|CACNA1D|NPPA|CACNA2D1|CACNB3|GJA5|CASQ2|CAV3|GJA1|YWHAE|KCNE1|KCNE2|KCNE3|KCNA1|DLG1|KCND2|KCNH2|KCND3|KCNIP1|KCNE4|KCNIP2|ADCY10|RNF207|ZMPSTE24|SCN1B|KCNH6|SCN2B|NOS1AP|SCN4B|KCNJ2|SCN5A|KCNJ5|KCNJ8|AKAP6|AKAP7|KCNN2|AKAP9|ATP1B1|FLNA|KCNQ1|ANK2|SNTA1|KCNA5|ATP1A1|ATP1B2|ATP1B3|CAV1,https://www.gsea-msigdb.org/gsea/msigdb/mouse/geneset/GOBP_MEMBRANE_REPOLARIZATION,48,ENR,GOBP_MEMBRANE_REPOLARIZATION,1,1.1583012E-2,GOBP_MEMBRANE_REPOLARIZATION,FALSE,GOBP_MEMBRANE_REPOLARIZATION
,2.0942964372518902,2.0942964372518902,2.0942964372518902,0.99195171100000001,,3.8741051999999998E-2,,ACR|GNAL|ADORA2B|CACNA1C|CACNA1D|RAF1|CALCA|NF1|CALCR|FXN|ORAI1|ADCY1|ADCY2|ADCY3|ISCU|NOS3|ADCY4|STIM1|ADCY7,https://www.gsea-msigdb.org/gsea/msigdb/mouse/geneset/GOBP_POSITIVE_REGULATION_OF_LYASE_ACTIVITY,19,ENR,GOBP_POSITIVE_REGULATION_OF_LYASE_ACTIVITY,1,8.0482890000000001E-3,GOBP_POSITIVE_REGULATION_OF_LYASE_ACTIVITY,FALSE,GOBP_POSITIVE_REGULATION_OF_LYASE_ACTIVITY
2,2.7084209139887099,2.7084209139887099,2.7084209139887099,1,,2.9007796999999999E-5,,UROC1|ACMSD|PAH|SPR|GSTZ1|THAP4|HAAO|TTC36|HAL|PARK7|HDC|AFMID|HGD|DCT|HPD|QDPR|QPRT|IDO1|IDO2|CYP2D22|IL4I1|HPDL|TPH1|KMO|IYD|KYNU|AMDHD1|ATP7A|NMNAT2|MTHFD1|FAH|MTHFD2L|FTCD|NADSYN1|PCBD1|GCDH|PCBD2|TAT|TDO2|TH,https://www.gsea-msigdb.org/gsea/msigdb/mouse/geneset/GOBP_AROMATIC_AMINO_ACID_METABOLIC_PROCESS,40,ENR,GOBP_AROMATIC_AMINO_ACID_METABOLIC_PROCESS,1,0,GOBP_AROMATIC_AMINO_ACID_METABOLIC_PROCESS,FALSE,GOBP_AROMATIC_AMINO_ACID_METABOLIC_PROCESS
3,2.7084209139887099,2.7084209139887099,2.7084209139887099,1,,2.7368216000000001E-2,,CTNS|CPOX|SOX2|SLC25A39|CDH3|SLC7A11|SLC6A9|TRPC1|WNT5A|UROS|OPN3|FXN|GIPC1|CITED1|DDT|DCT|MC1R|PMEL|APPL1|RAPGEF2|ABCB10|ZEB2|ABCB7|ALAD|ALAS1|HNF1A|ALAS2|COX15|MFSD12|FECH|ATP7A|HMBS|SLC24A5|IREB2|PGRMC1|PPOX|TMEM14A|SLC11A2|SNX3|SRRD|TMEM14C|COX10|UROD|MYO5A|RAB38,https://www.gsea-msigdb.org/gsea/msigdb/mouse/geneset/GOBP_PIGMENT_BIOSYNTHETIC_PROCESS,45,ENR,GOBP_PIGMENT_BIOSYNTHETIC_PROCESS,1,0,GOBP_PIGMENT_BIOSYNTHETIC_PROCESS,FALSE,GOBP_PIGMENT_BIOSYNTHETIC_PROCESS
,2.2209792943780799,2.2209792943780799,2.2209792943780799,0.993987976,,3.5203073000000001E-2,,AASS|UOX|UROC1|KYNU|XDH|NT5C|AMDHD1|NT5C2|NIT1|PIPOX|ADA|DLST|AADAT|FTCD|PNP|HAL|PM20D1|GDA|TDO2,https://www.gsea-msigdb.org/gsea/msigdb/mouse/geneset/GOBP_AMIDE_CATABOLIC_PROCESS,19,ENR,GOBP_AMIDE_CATABOLIC_PROCESS,1,6.0120240000000004E-3,GOBP_AMIDE_CATABOLIC_PROCESS,FALSE,GOBP_AMIDE_CATABOLIC_PROCESS
,2.2438644782582302,2.2438644782582302,2.2438644782582302,0.99429657780000003,,4.9769840000000003E-2,,HMGB1|ATM|RAG2|EZH2|XRCC6|FOXP1|RAG1|BCL11B|PRKDC|NHEJ1|POLB|TCF3|TCF7|DCLRE1C|LEF1|XRCC4|YY1|LIG4,https://www.gsea-msigdb.org/gsea/msigdb/mouse/geneset/GOBP_V_D_J_RECOMBINATION,18,ENR,GOBP_V_D_J_RECOMBINATION,1,5.7034221999999997E-3,GOBP_V_D_J_RECOMBINATION,FALSE,GOBP_V_D_J_RECOMBINATION
2,1.75756472346226,1.75756472346226,1.75756472346226,0.98252427200000003,,9.8079026E-2,,ACMSD|SPR|GCH1|HAAO|AFMID|BTBD9|FEV|MAOA|MDGA1|PDE1B|QPRT|RNF180|IDO1|IDO2|CYP2D22|IL4I1|ALDH2|TPH1|KMO|KYNU|ATP7A|NMNAT2|ATP2B2|NADSYN1|GCDH|TDO2|DDC,https://www.gsea-msigdb.org/gsea/msigdb/mouse/geneset/GOBP_INDOLE_CONTAINING_COMPOUND_METABOLIC_PROCESS,27,ENR,GOBP_INDOLE_CONTAINING_COMPOUND_METABOLIC_PROCESS,1,1.7475727999999999E-2,GOBP_INDOLE_CONTAINING_COMPOUND_METABOLIC_PROCESS,FALSE,GOBP_INDOLE_CONTAINING_COMPOUND_METABOLIC_PROCESS
1,2.2380461122055499,2.2380461122055499,2.2380461122055499,0.99421965329999995,,6.5255779999999999E-2,,P2RX7|MCOLN1|SLC9A9|KCNMA1|ATP12A|ATP1A1|CNGA4|CPOX|NPPA|HCN2|HCN3|HCN4|KCNK3|CXCL1|TSC1|MCOLN3|GJA5|NALCN|SCN4A|KCNA1|KCND2|KCND3|KCNE4|SLC12A1|SLC12A3|ACTN2|ADRB2|SLC24A1|SLC24A2|AGRN|SLC24A3|SLC24A5|AKAP5|AKAP6|AKAP7|AKAP9|AMIGO1|ANK2|ANK3|ANO6|ATP1B2|ATP1B3|ATP4A|SLC1A3|SLC9A2|SLC9A3|CACNA1D|SLC9A4|SLC9A5|SLC9A7|SLC9A8|TRPM5|TREM2|CASQ2|CAV3|CD63|CRBN|KCNK6|DLG1|DPP10|DPP6|EDN3|ABCC8|FHL1|ADORA1|FLNA|FXYD1|FXYD2|FXYD3|FXYD4|HPN|FXYD5|FXYD6|FXYD7|ATP1A3|GAL|CAV1|GALR2|GNB2|GRP|ITGB1|KCNAB1|KCNAB2|TMEM38B|KCNAB3|GHITM|KCNC1|KCNC2|KCNK1|KCNE1|KCNK2|KCNE2|KCNE3|KCNA2|KCNG4|KCNA3|KCNH2|KCNA6|KCNIP1|KCNA7|KCNIP2|KCNB2|KCNIP3|KCNC3|KCNIP4|KCNC4|KCNJ1|KCNG2|KCNJ10|KCNH3|KCNJ11|LETM1|KCNH4|KCNJ12|KCNH8|KCNJ13|KCNJ15|KCNK10|KCNJ16|KCNK12|KCNJ2|KCNK13|KCNJ5|KCNK16|KCNJ6|KCNK4|KCNJ8|KCNK7|KCNMB1|KCNN1|KCNN2|KCNN3|KCNN4|KCNQ5|KCNQ1|KCNS3|KCNRG|KCNT1|KCNS1|KCNT2|KCNU1|KEL|KCNV1|KCNV2|LRRC26|SNAP25|LRRC52|LRRC55|NOS3|NEDD4|NEDD4L|TMCO3|TMEM175|NR3C2|OXSR1|PKD2|SLC12A2|CDK2|NSF|PRNP|VPS4B|PTGER3|PTK2B|SLC17A7|RGS4|RGS7|RNF207|KCNH6|SLC9A1|SLC9A6|ABCC9|STK39|SUMO1|TMEM38A|VAMP2|WNK1|WNK2|WNK4|WWP2|YWHAE|CDKN1B|GCK|KCNB1|KCNH1|KCNMB2|KCNMB4|ATF4|CCKAR|GNAQ|HBP1|AQP1|KCNA5|KCNF1|KIF5B|P2RY12|PLCB4|ABCB8|CCDC51|SLC12A5|BIN1|ATP1A2|ATP1B1|KCNK5|SLC12A4|SLC12A6|SLC12A7|SLC12A8,https://www.gsea-msigdb.org/gsea/msigdb/mouse/geneset/GOBP_POTASSIUM_ION_TRANSPORT,207,ENR,GOBP_POTASSIUM_ION_TRANSPORT,1,5.7803467000000002E-3,GOBP_POTASSIUM_ION_TRANSPORT,FALSE,GOBP_POTASSIUM_ION_TRANSPORT
7,2.1089031370046398,2.1089031370046398,2.1089031370046398,0.99221789900000001,,5.5920232E-2,,RGS2|RBM10|CDK9|BECN1|P2RX4|MEF2C|NOTCH1|PPARA|PPP3CA|RAP1GDS1|ADRA1A|AKAP1|BMP2|RGS4|AR|SMAD3|ATP2A2|RYR2|TRIM63|DYRK1A|CAMTA2|FDPS|SLC9A1|MYH6|MYH7|TOMM70A|COL14A1|CTDP1|HTR2B|NPPA|NPPB|ECE1|SLC25A4|EZH2|FBXO32|NFATC3|AKAP13|FOXO1|TRPC3|GATA4|NR4A3|GATA5|CSRP3|GLRX3|HAND2|HEY2|IGFBP5|INPP5F|PPARG|JARID2|PARP1|DDX39B|KDM4A|KLF15|ADCY10|TNFRSF1B|ADRA1B|LMCD1|PDE5A|ADRB1|MAP2K4|MEIS1|PDE9A|MSTN|SIRT1|AKAP6|ATP2B4|MTPN|SMAD4|TCAP|MYOC|MYOCD|GSK3A|TTN|GSK3B|TNFRSF1A|BMP4|IGF1|PAK2|ERRFI1|PARP2|PDLIM5|PI16|PIN1|PRKCA|CAMK2D|PTK2|CAV3|MTOR|ROCK1|ROCK2|AGT|SMAD1|CYBA|SORBS2|STUB1|TIAM1|TRIP10|PRKG1|TWF1|YY1|ZFP418|ACACB|FOXP1|GSN|EP300|ADK|G6PDX|LMNA|GATA6|NR3C1|MEF2A|KCNN4|PAK1|HAMP|HAMP2|EDN1,https://www.gsea-msigdb.org/gsea/msigdb/mouse/geneset/GOBP_MUSCLE_HYPERTROPHY,117,ENR,GOBP_MUSCLE_HYPERTROPHY,1,7.7821009999999996E-3,GOBP_MUSCLE_HYPERTROPHY,FALSE,GOBP_MUSCLE_HYPERTROPHY
3,2.7050079566407099,2.7050079566407099,2.7050079566407099,0.99802761340000001,,2.0154588000000001E-2,,BCL2|CTNS|CYB5R4|SLC6A9|LCT|UROS|CITED1|SLCO1A6|DDT|SLCO1B2|DCT|MC1R|PMEL|APPL1|RAPGEF2|VHL|ZEB2|HNF1A|TBX2|ABCC2|ATP7A|TMEM14A|COX10|MYO5A|RAB38|CPOX|SOX2|SLC25A39|CDH3|SLC7A11|TRPC1|WNT5A|OPN3|CYP2A5|FXN|GIPC1|ABCB10|ABCB6|ABCB7|ALAD|ALAS1|ALAS2|BLVRB|COX15|MFSD12|FECH|HEBP1|HMBS|HMOX1|HMOX2|SLC24A5|IREB2|BLVRA|PGRMC1|PPOX|SLC11A2|SLC48A1|SNX3|SRRD|TMEM14C|UGT1A1|BDH2|UROD|HPX,https://www.gsea-msigdb.org/gsea/msigdb/mouse/geneset/GOBP_PIGMENT_METABOLIC_PROCESS,64,ENR,GOBP_PIGMENT_METABOLIC_PROCESS,1,1.9723865999999998E-3,GOBP_PIGMENT_METABOLIC_PROCESS,FALSE,GOBP_PIGMENT_METABOLIC_PROCESS
4,1.6785183912003601,1.6785183912003601,1.6785183912003601,0.97903563999999998,,8.6567685000000005E-2,,IDO1|NR5A2|CCR7|HMGB1|IRAK3|PHLPP1|HAVCR2|CD86|CBLB|IL2RA|FOXJ1|ITCH|FOXP3|RUNX1|TGFBR2|CD3E|H2-M3|PDCD1,https://www.gsea-msigdb.org/gsea/msigdb/mouse/geneset/GOBP_REGULATION_OF_TOLERANCE_INDUCTION,18,ENR,GOBP_REGULATION_OF_TOLERANCE_INDUCTION,1,2.0964360000000001E-2,GOBP_REGULATION_OF_TOLERANCE_INDUCTION,FALSE,GOBP_REGULATION_OF_TOLERANCE_INDUCTION
6,2.3729120168675299,2.3729120168675299,2.3729120168675299,0.99576271199999999,,2.9193779999999999E-2,,NUP155|NEDD4L|CACNA1C|CACNA1D|CACNA2D1|CACNB2|PKP2|CAMK2D|PLN|CASQ2|CAV3|SGCD|3425401B19RIK|GPD1L|RANGRF|DLG1|CACNA1H|RNF207|ATP2A2|RYR2|SCN1B|SCN2B|SCN3B|SCN4B|SCN5A|FGF13|ADORA1|SLC9A1|FLNA|FXYD1|ABCC9|SNTA1|KCNA5|SRI|UTY|ATP1A1|CAV1|CTNNA3|SUMO1|DSC2|DSG2|DSP|STC1|HCN4|GATA4|GJA5|PIK3CA|GSN|KCNE1|KCNE2|JUP|KCNE3|KCNH2|KCND3|KCNE4|ADCY10|PDE4D|ADRB1|BIN1|KCNJ2|KCNJ5|KCNJ8|AKAP6|ATP1A2|KCNN2|TRPM4|AKAP9|KCNQ1|ANK2|ATP2A1,https://www.gsea-msigdb.org/gsea/msigdb/mouse/geneset/GOBP_CARDIAC_MUSCLE_CELL_CONTRACTION,70,ENR,GOBP_CARDIAC_MUSCLE_CELL_CONTRACTION,1,4.2372879999999996E-3,GOBP_CARDIAC_MUSCLE_CELL_CONTRACTION,FALSE,GOBP_CARDIAC_MUSCLE_CELL_CONTRACTION
13,2.7084209139887099,2.7084209139887099,2.7084209139887099,1,,3.7344815000000002E-3,,ACO1|ACACB|G6PDX|TALDO1|ALDH1L1|ALDH1L2|TKT|PGD|ALDOB|PGLS|H6PD|MTOR|PRPS1|IDH1|PRPS2|RBKS|HSD11B1|RPE|RPIA|RPTOR|MLST8|SHPK|TRP53,https://www.gsea-msigdb.org/gsea/msigdb/mouse/geneset/GOBP_NADPH_REGENERATION,23,ENR,GOBP_NADPH_REGENERATION,1,0,GOBP_NADPH_REGENERATION,FALSE,GOBP_NADPH_REGENERATION
7,1.7101173514749699,1.7101173514749699,1.7101173514749699,0.98050682199999994,,8.4194270000000002E-2,,BMP4|RPS6KB1|ERRFI1|MEF2C|PPP3CA|MTOR|SMAD1|BMP2|ACTN3|AR|SMAD3|ASB2|ATP2A2|CACNA1S|TEAD1|TNNC1|CAMTA2|TNNI1|MYH6|MYH7|CMYA5|ACACB|NPPA|NPPB|ACTA1|EZH2|NFATC3|FOXO1|TRPC3|GATA4|CFLAR|GTF2IRD1|GTF2IRD2|HEY2|GSN|IGFBP5|INPP5F|PPARG|KDM4A|MYOD1|KLF15|MYOZ1|MYOZ2|MYOG|LMNA|MSTN|GATA6|ATP2B4|SMAD4|TCAP|MYOC|TNNT1|NFATC1,https://www.gsea-msigdb.org/gsea/msigdb/mouse/geneset/GOBP_STRIATED_MUSCLE_ADAPTATION,53,ENR,GOBP_STRIATED_MUSCLE_ADAPTATION,1,1.9493178E-2,GOBP_STRIATED_MUSCLE_ADAPTATION,FALSE,GOBP_STRIATED_MUSCLE_ADAPTATION
,1.983175088541,1.983175088541,1.983175088541,0.98960499000000002,,5.6780909999999997E-2,,TWIST1|CACNA1C|OSR1|ALX4|ATRX|TFAP2A|CRABP2|EN1|FMN1|GDF5|SHH|HOXA11|HOXA9|HOXD10|HOXD9|IFT122|MECOM|MSX1|MSX2|NIPBL|OSR2|WNT3|RECK|RPGRIP1L|RUNX2|SHOX2|SALL1|ALDH1A2|SALL3|TRP63|WNT9A|LRP6|ZBTB16|TBX5|CTNNB1|VPS54|TBX3|RDH10|TFAP2B|ENPP1,https://www.gsea-msigdb.org/gsea/msigdb/mouse/geneset/GOBP_FORELIMB_MORPHOGENESIS,40,ENR,GOBP_FORELIMB_MORPHOGENESIS,1,1.039501E-2,GOBP_FORELIMB_MORPHOGENESIS,FALSE,GOBP_FORELIMB_MORPHOGENESIS
1,2.69460520327651,2.69460520327651,2.69460520327651,0.99797979800000003,,2.6968435999999998E-2,,KCNH2|SUMO1|NEDD4L|RGS4|OXSR1|GRP|ACTN2|AGRN|BIN1|CASQ2|CAV3|KCNQ1|KCNRG|ANK3|KEL|KCNAB1|PTGER3|CRBN|KCNE1|CAV1|KCNE2|KCNE3|STK39,https://www.gsea-msigdb.org/gsea/msigdb/mouse/geneset/GOBP_NEGATIVE_REGULATION_OF_POTASSIUM_ION_TRANSMEMBRANE_TRANSPORT,23,ENR,GOBP_NEGATIVE_REGULATION_OF_POTASSIUM_ION_TRANSMEMBRANE_TRANSPORT,1,2.020202E-3,GOBP_NEGATIVE_REGULATION_OF_POTASSIUM_ION_TRANSMEMBRANE_TRANSPORT,FALSE,GOBP_NEGATIVE_REGULATION_OF_POTASSIUM_ION_TRANSMEMBRANE_TRANSPORT
5,2.6901961069547702,2.6901961069547702,2.6901961069547702,0.99795918380000004,,9.0212539999999994E-3,,PWP1|PWP2|RBFA|RBM34|RPL14|RCL1|REXO1|REXO4|RIOK1|RIOK2|RIOK3|RNASEL|RPL26|RPF1|RPL27|RPF2|RPL7L1|RPP25|RPP30|RPP38|RPL35|RPP40|RPL35A|RPUSD1|RPUSD2|RRP1|RRP15|RPL5|RRP1B|RRP36|RPL7|RRP7A|RPL7A|RRP8|RRP9|RRS1|SART1|RPS14|SBDS|RPS16|RPS24|RPS27|RPS28|SIRT7|SRFBP1|SUV39H1|TBL3|TRMT112|TRMT2B|TSR1|TSR2|IPPK|URB1|NUDT16|USP36|UTP14A|UTP14B|UTP15|UTP18|UTP20|UTP23|UTP3|UTP6|WBP11|WDR12|SMARCA4|WDR18|SMARCB1|WDR3|WDR36|WDR43|WDR46|WDR55|WDR74|WDR75|YBEY|ZCCHC4|ZNHIT3|ZNHIT6|RPL11|RPS15|RPS17|RPS19|RPS21|RPS25|RPS6|RPS7|RPS8|ANG|YTHDF2|MYC|ERN2|ABT1|BMS1|BOP1|BRIX1|BYSL|C1D|CDKN2A|CHD7|DCAF13|DDX10|DDX17|DDX18|DDX21|DDX27|DDX47|DDX49|DDX51|DDX52|DDX54|DDX56|DHX37|DICER1|DIMT1|DIS3|DKC1|DROSHA|EBNA1BP2|EIF4A3|EMG1|ERCC2|ERI1|ESF1|EXOSC1|EXOSC10|EXOSC2|EXOSC3|EXOSC4|EXOSC5|EXOSC6|EXOSC7|EXOSC8|EXOSC9|FBL|FCF1|FDXACB1|FRG1|FTSJ3|GAR1|MTOR|GTF2H5|GTPBP4|HEATR1|IMP3|IMP4|ISG20|KRI1|KRR1|DDX11|LAS1L|DEDD|DIS3L|NSUN3|ERCC3|NSUN4|ERCC6|LSM6|GTF3C1|PELO|POLR1D|POLR1E|LYAR|POLR2E|MAK16|RPUSD4|SLFN8|SLFN9|SPIN1|TAF1B|METTL15|TCOF1|METTL16|TOP1|UBTF|METTL5|TRP53|XRN1|MPHOSPH10|MPHOSPH6|MRM1|MRTO4|MYG1|NAF1|NAT10|NCL|NGDN|NHP2|POLR1A|POLR1B|NOB1|NOL10|NOL11|NOL6|TFB1M|NOL7|TFB2M|NOL8|NOL9|EIF6|NOP10|NOP14|NOP2|NPM1|NPM3|NSA2|NSUN5|NVL|PA2G4|PAK1IP1|PDCD11|PELP1|PES1|PIH1D1|PIH1D2|PIN4|POP4|POP5|POP7|PPAN|PRKDC|KAT2B,https://www.gsea-msigdb.org/gsea/msigdb/mouse/geneset/GOBP_RRNA_METABOLIC_PROCESS,222,ENR,GOBP_RRNA_METABOLIC_PROCESS,1,2.0408162000000001E-3,GOBP_RRNA_METABOLIC_PROCESS,FALSE,GOBP_RRNA_METABOLIC_PROCESS
4,2.1020904892482499,2.1020904892482499,2.1020904892482499,0.99209486099999999,,5.604692E-2,,DHPS|DLG5|EFNB1|ERBB2|ENPP3|FGF10|NCKAP1L|FLT3L|NDFIP1|GLMN|GNRH1|GPNMB|H2-AA|H2-DMB2|TIRAP|TLR4|AIF1|CNN2|PDCD1LG2|CSF1|PKN1|SLC4A1|IGFBP2|IHH|IKZF3|IL15|PRKCQ|IL21|IL2RA|IL5|PYCARD|IL7|MAPK1|ITCH|ITGAL|RC3H1|CD38|KITL|LAPTM5|LMO1|LRRC32|RIPK2|CHRNB2|GREM1|LST1|RIPK3|MAD1L1|MAPK8IP1|IL34|MPL|NCK2|SASH3|NR5A2|SIGLECG|PELI1|SLAMF1|PRLR|RAC2|RASAL3|SLFN1|RASSF5|ADA|SPN|STAT6|SCGB1A1|SCRIB|SDC4|SFTPD|TARM1|MYD88|SH3RF1|TFRC|SLC39A10|SYK|TNFRSF13B|TNFRSF13C|KIT|TNFRSF14|TNFRSF1B|TNFSF13|PDE5A|TNFSF13B|TNFSF18|TNFSF4|NCK1|SOS1|TRAF6|ARG1|SOS2|ARG2|SOX11|STAT5A|TYK2|TCF3|TGFBR2|TICAM1|VTCN1|TNFRSF4|TNFRSF9|ZAP70|TNFSF9|ZBTB7B|BCL2|CSF2|TSC2|BMP4|CSF2RA|TSPAN32|TWSG1|TYROBP|VAV3|VCAM1|TGFB1|WNT3A|OCSTAMP|PHF7|ZC3H12D|RPS3|PTK2|ZFP335|ST6GAL1|CD4|ZNHIT1|AHR|CORO1A|BMI1|STAT5B|DLG1|TACR1|BID|ANXA1|CCL12|CCL19|GAL|CCL5|CD74|CEACAM1|CCR2|CCR7|CD37|CD46|CD55|CD59A|CD59B|DNAJA3|CD81|IL13|CRP|IL1A|IDO1|IL4I1|FCGR2B|NF1|FOXJ1|NMB|GPR183|H2-T23|PLA2G2D|IL1B|LYN|LGALS3|MEF2C|PPP3CA|PNP|PRNP|GPAM|PTPN6|PTEN|PTPN22|PTPRC|GSTP1|HHEX|TAC1|TNFRSF21|VSIG4|MIF|XCL1|IFNG|ATM|IL4|TLR9|CDKN2A|SHH|PLA2G2F|PLA2G5|CASP3|AGER|ATAD5|BCL6|BTK|BTLA|PRKAR1A|CD1D1|CD1D2|CD24A|CD274|SLC4A2|CD28|CD3E|CD40|CD40LG|CD44|GSK3B|HMGB1|IGF1|IGF2|CD80|IL6ST|CD86|SLC7A1|IRS2|CLEC4G|CRTAM|CSF2RB|CSF2RB2|CTLA4|MAPK3|CD300A|NFATC2|CTNNB1|EPHB2|FADD|HES1|FOXP3|CD209D|CEBPB|H2-DMB1|H2-M3|PAWR|HAVCR2|ICOSL|IL12A|IL12B|IL12RB1|IL18|IL2|IL20RB|IL23A|IL27|ADK|IL33|BLM|IL10|IL6|BST1|IRGM1|BTNL2|INPP5D|CARD11|IRF1|CBLB|CCDC88B|CD209A|CD209C|JAK2|CD209E|JAK3|CD22|CD276|CD320|CD6|CDKN1A|BCL2L1|CLEC2I|CSF1R|LGALS9,https://www.gsea-msigdb.org/gsea/msigdb/mouse/geneset/GOBP_REGULATION_OF_LEUKOCYTE_PROLIFERATION,266,ENR,GOBP_REGULATION_OF_LEUKOCYTE_PROLIFERATION,1,7.9051390000000003E-3,GOBP_REGULATION_OF_LEUKOCYTE_PROLIFERATION,FALSE,GOBP_REGULATION_OF_LEUKOCYTE_PROLIFERATION
,2.3900514704013198,2.3900514704013198,2.3900514704013198,0.99592667999999995,,6.7709859999999997E-2,,CD44|ITGA5|APOA1|PARVA|ITGAD|RNASE10|VCAM1|ITGAX|PKP2|CD200|CD200R1|CD2|PTPRC|ALOX15|GLDN|IZUMO1|MAP2K5|TNF|MBP|MYADM|NRCAM|FGG|NFASC|CTNNA3|ITGA4|ITGA7|CXADR|ITGB2|ITGB2L|DSC2|ITGB7|THY1|DSG2|DSP|SKAP1|ITGB1|ITGB3|WNK1|ADIPOQ|MAPK7|IL1RN|PERP|ITGAV|NINJ1|AGER|JUP|TNFAIP3|FLOT1|IL10|GCNT2|KLF4|LCK|FGA|FGB|JAM3|BMP7|IL1B,https://www.gsea-msigdb.org/gsea/msigdb/mouse/geneset/GOBP_HETEROTYPIC_CELL_CELL_ADHESION,57,ENR,GOBP_HETEROTYPIC_CELL_CELL_ADHESION,1,4.0733200000000001E-3,GOBP_HETEROTYPIC_CELL_CELL_ADHESION,FALSE,GOBP_HETEROTYPIC_CELL_CELL_ADHESION
,1.9921115043769999,1.9921115043769999,1.9921115043769999,0.98981670099999997,,6.9435979999999994E-2,,OTC|STC1|PTK2|CKB|SLC12A2|WNK1|WNK4|CPS1|FASL|KCNE3|CAR12|UMOD|SLC12A1|SLC12A3|SPP1|ABCC2|SLC12A5|KCNQ1|ATP6V1B1|BSND|TBXAS1|SLC12A9|SLC12A4|SLC12A6|SLC12A7|STK39|CACNA1A|SLC12A8,https://www.gsea-msigdb.org/gsea/msigdb/mouse/geneset/GOBP_MONOATOMIC_ANION_HOMEOSTASIS,28,ENR,GOBP_MONOATOMIC_ANION_HOMEOSTASIS,1,1.0183299E-2,GOBP_MONOATOMIC_ANION_HOMEOSTASIS,FALSE,GOBP_MONOATOMIC_ANION_HOMEOSTASIS
12,2.7084209139887099,2.7084209139887099,2.7084209139887099,1,,4.0084802999999997E-3,,KRT1|KRT6A|PKP2|AGFG1|AGFG2|BFSP1|BFSP2|DES|DNAJB6|EPPK1|INA|KLHL24|KRT10|KRT12|KRT13|KRT14|KRT15|KRT16|KRT17|KRT2|KRT20|KRT23|KRT24|KRT25|KRT27|KRT31|KRT32|KRT33A|KRT33B|KRT34|KRT35|KRT36|KRT4|KRT42|KRT5|KRT6B|KRT7|KRT75|KRT76|KRT77|KRT78|KRT79|KRT80|KRT81|KRT84|KRT85|DSP|KRT86|NEFH|NEFL|NEFM|PRPH|SHH|TCHH|VIM|GFAP|KRT19|PLEC|PKP1|MTM1,https://www.gsea-msigdb.org/gsea/msigdb/mouse/geneset/GOBP_INTERMEDIATE_FILAMENT_ORGANIZATION,60,ENR,GOBP_INTERMEDIATE_FILAMENT_ORGANIZATION,1,0,GOBP_INTERMEDIATE_FILAMENT_ORGANIZATION,FALSE,GOBP_INTERMEDIATE_FILAMENT_ORGANIZATION
10,2.1046578003461298,2.1046578003461298,2.1046578003461298,0.99214145399999998,,5.6072820000000002E-2,,STK11|TOX|DOCK2|NFATC3|PTPN2|SHH|FOXN1|CD1D1|H2-DMA|ITPKB|SRF|CD3D|CD3E|PTPRC|CD3G|ZAP70|CD74|SKINT1,https://www.gsea-msigdb.org/gsea/msigdb/mouse/geneset/GOBP_POSITIVE_THYMIC_T_CELL_SELECTION,18,ENR,GOBP_POSITIVE_THYMIC_T_CELL_SELECTION,1,7.8585459999999992E-3,GOBP_POSITIVE_THYMIC_T_CELL_SELECTION,FALSE,GOBP_POSITIVE_THYMIC_T_CELL_SELECTION
9,2.7084209139887099,2.7084209139887099,2.7084209139887099,1,,8.9242739999999994E-3,,APOA1|APOA2|CYP2R1|CYP3A11|CYP3A44|FMO5|POR|PRKAA1|PRKAA2|SULT1A1|UGT2B1|BMP2|SLC27A5|BMP5|DGKQ|BMP6|CACNA1H|HNF1A|CLCN2|CYP11A1|DAB2|DHRS4|DKK3|EDNRB|KCNMA1|HSD11B2|MAPK1|FDPS|RDH1|SCNN1B|RDH16|WNT4|ABCB11|RDH5|RDH7|ABCD3|RDH9|SDR9C7|ACAA1A|ATP1A1|RORC|ACAA1B|HMGCS1|NR5A2|ACADL|IDI1|IDI2|ACADVL|ACOX2|LCAT|LPCAT3|AKR1C18|AKR1D1|KIT|MVD|MVK|TNFSF4|APOE|PDE8B|STAT5A|RORA|CES1D|NPY1R|CES1F|CUBN|CYP1A1|SULT2B1|CYP24A1|AFP|BGLAP|CYP27A1|BGLAP2|CYP27B1|CREB1|CYP39A1|TSPO|CYP17A1|CYP46A1|DHRS9|DKKL1|EGR1|GGCX|CYP7A1|HSD17B1|ADM|CFTR|HSD3B4|INHBA|SRD5A1|STAR|AKR1C12|STARD3|AKR1C13|STAT5B|AKR1C14|AKR1C19|SOD1|AKR1C20|AKR1C21|AKR1C6|STUB1|AKR1CL|ABCC1|APOC3|AMACR|ANGPTL3|CAT|APOA4|DHCR24|APOA5|APOC1|PMVK|AQP8|ASAH1|PRKG1|BAAT|CEBPA|ATP8B1|GAL|CES1B|CES1C|CES1E|CES1G|CLN8|FABP6|CYP1B1|CYP2B10|CYP2B13|CYP2B19|CYP2B9|IL1A|HSD17B10|HSD17B4|HSD17B6|HSD3B7|LRP2|CYP2D22|SPP1|CYP2E1|MTTP|LIPE|LRP5|NR3C1|ABCA1|DGAT2|EPHX2|ERLIN1|ERLIN2|PCSK9|PANK2|PON1|SCARB1|SCP2|HSD17B12|TNF|INSIG1|INSIG2|SLC27A2|LIPC|SULT1E1|SULT2A1|SULT2A2|SULT2A3|SULT2A5|SULT2A6|SULT2A7|CYP1A2|NFE2L1|IFNG|IL4|SHH|ABCA5|ABCG1|ABCG4|ACBD3|APLP2|APOB|APOBR|APOF|APON|ARMC5|PPARGC1A|YWHAH|ARV1|BDH1|BMPR1B|PRKACA|CH25H|CHST10|CLN6|DDX20|CYB5R1|CYB5R2|CYB5R3|CYP3A13|CYP3A25|CYP3A59|CYP51|DHCR7|DHH|DHRS11|SCAP|EBP|EBPL|ESR1|FDFT1|FDXR|FGF1|PDGFRA|SGPL1|FGFR1|SIRT1|GBA2|COMT|GC|GFI1|PROX1|ENPP1|GH|GNAI1|GNB3|GPR146|HDLBP|HINT2|HMGCR|SREBF1|HRH1|HSD17B11|TECR|HSD17B14|HSD17B2|HSD17B7|IGF1R|FOXA2|IGFBP7|LBR|LDLR|LDLRAP1|CYP7B1|IGF1|LIMA1|CYP8B1|IGF2|LIPO1|ERRFI1|LMF1|FGFR4|LRP1|LSS|MBTPS1|MBTPS2|MED1|NPC2|NSDHL|PAQR3|PBX1|LEPR|PCTP|STARD4|PLEKHA1|PMP22|SAA1|NR1D1|SC5D|SDR42E1|SEC14L2|SERPINA12|SERPINA6|SLCO1A6|SNAI1|SNAI2|SOAT1|SOAT2|SQLE|SREBF2|SULT4A1|THRB|TIPARP|TM7SF2|TSKU|NPC1|TTC39B|UGT1A7C|UGT2B35|UGT2B36|MECP2|UGT2B37|UGT2B38|UGT2B5|VLDLR|REST|HSD3B2|FGL1|HSD3B3|HSD3B6|NR1H4|SLC37A4|SF1|SMPD1|APP|FDX1|ADORA2B|G6PDX|FECH|H6PD|NFKB1|UGT1A1|ABCA2|HMGCS2|HSD11B1|LIPA|CBR1,https://www.gsea-msigdb.org/gsea/msigdb/mouse/geneset/GOBP_STEROID_METABOLIC_PROCESS,312,ENR,GOBP_STEROID_METABOLIC_PROCESS,1,0,GOBP_STEROID_METABOLIC_PROCESS,FALSE,GOBP_STEROID_METABOLIC_PROCESS
11,2.7084209139887099,2.7084209139887099,2.7084209139887099,1,,4.0495480000000001E-4,,P2RX7|MCOLN1|SLC9A9|GPD1L|SLC4A4|EDNRB|AKT2|SCNN1B|AKT3|ATP12A|ATP1A1|CATSPER3|CATSPER4|CNGA1|CNGA4|CNNM4|CNTN1|COMMD3|COMMD9|CPOX|NPPA|DMPK|DOT1L|GM5134|GUCA2B|HCN2|HCN3|HCN4|KCNK3|CXCL1|KLHL3|MAGED2|MCOLN3|MLLT3|MLLT6|NALCN|NKAIN1|NKAIN2|NKAIN4|NKX2-5|PER1|PRSS30|SCN3A|SCN4A|SCN7A|SCN8A|SCN9A|SCNN1A|SCNN1G|SERPINE2|SGK1|SIK1|SLC12A1|SLC12A3|SLC13A1|SLC20A1|SLC20A2|SLC22A4|SLC22A5|ADRB2|SLC24A1|SLC24A2|AGRN|SLC24A3|SLC24A5|SLC28A3|SLC34A1|ATP2B4|SLC34A2|SLC34A3|TRPM4|SLC38A11|SLC41A1|SLC41A3|ANK3|SLC5A1|ANO6|SLC5A10|SLC5A11|ARF1|SLC5A2|SLC5A3|SLC5A5|ATP1B2|SLC5A7|ATP1B3|SLC5A9|SLC6A18|ATP4A|SLC6A19|SLC6A2|SLC6A4|SLC8A2|SLC9A2|SLC9A3|SLC9A4|SLC4A7|SLC9A5|SLC9A7|SLC9A8|TPCN1|TPCN2|TRPM2|TGFB1|TRPM5|CAMK2D|CAV3|CFTR|SLC38A2|CNKSR3|COMMD1|BPIFA1|DMD|UMOD|DRD4|AKT1|EDNRA|FGF12|FGF13|FGF14|FXYD1|FXYD2|FXYD3|FXYD4|FXYD5|FXYD6|FXYD7|ATP1A3|GRIN1|GRP|IKBKB|KCNK1|KCNE3|KCNJ1|AHCYL1|KCNQ1|NOS3|EDN1|NEDD4|NEDD4L|OSR1|OXSR1|P2RX4|SLC10A1|PCSK9|SLC10A2|SLC10A4|PKD2|SLC10A5|SLC10A6|SLC10A7|SLC12A2|SLC13A2|SLC13A3|PON3|PRSS8|SLC17A1|PTPN3|SLC17A2|RANGRF|SLC17A4|SLC17A7|SLC17A8|SCN1B|SCN2B|SCN3B|SCN4B|SCN5A|SLC8A1|SLC9A1|SLC9A6|SLMAP|SNTA1|SLC23A1|SLC23A2|STK39|TESC|TMEM168|WNK1|WNK2|WNK4|YWHAH|SLC38A3|SLC38A4|SLC38A5|SLC38A7|SLC4A10|PLCB1|SLC4A11|SLC4A5|GNAS|SLC4A8|SLC4A9|SLC5A12|SLC5A6|SLC5A8|SLC6A12|SLC6A13|SLC6A14|SLC6A15|SLC6A17|SLC6A20B|SLC6A6|SLC6A7|SLC6A8|SLC6A9|SLC38A1|IL6|ATP1A2|ATP1B1|ATP6V1B1,https://www.gsea-msigdb.org/gsea/msigdb/mouse/geneset/GOBP_SODIUM_ION_TRANSPORT,211,ENR,GOBP_SODIUM_ION_TRANSPORT,1,0,GOBP_SODIUM_ION_TRANSPORT,FALSE,GOBP_SODIUM_ION_TRANSPORT
3,2.7084209139887099,2.7084209139887099,2.7084209139887099,1,,3.8214859999999998E-3,,CPOX|SLC25A39|SLC6A9|UROS|FXN|ABCB10|ABCB6|ABCB7|ALAD|ALAS1|HNF1A|ALAS2|ANK1|COX15|FECH|HMBS|IREB2|PGRMC1|PPOX|RSAD1|TMEM14A|SLC11A2|SNX3|SRRD|TMEM14C|COX10|UROD,https://www.gsea-msigdb.org/gsea/msigdb/mouse/geneset/GOBP_TETRAPYRROLE_BIOSYNTHETIC_PROCESS,27,ENR,GOBP_TETRAPYRROLE_BIOSYNTHETIC_PROCESS,1,0,GOBP_TETRAPYRROLE_BIOSYNTHETIC_PROCESS,FALSE,GOBP_TETRAPYRROLE_BIOSYNTHETIC_PROCESS
