species,dataset,stage_label,window_size_bp,rank_within_stage_window_size,chromosome,window_start_bp,window_end_bp,region,n_stage_cells,n_stage_donors,n_cell_variant_observations,n_unique_cells,n_unique_donors,n_unique_sites,n_unique_donor_variants,fraction_of_stage_cells_with_any_mutation_in_window,fraction_of_stage_donors_with_any_mutation_in_window,approx_p_two_random_cells_both_hit_window,approx_p_two_random_donors_both_hit_window,expected_shared_exact_sites_per_random_cell_pair_from_window,expected_shared_exact_sites_per_random_donor_pair_from_window,conditional_expected_shared_exact_sites_per_cell_pair_given_both_hit_window,conditional_expected_shared_exact_sites_per_donor_pair_given_both_hit_window,uniform_same_position_p_given_both_hits,top_exact_site_in_window,top_exact_site_supporting_cells,top_exact_site_supporting_donors
Mouse,TabMur,Embryoblast,100,1,chr3,14900501,14900600,chr3:14900501-14900600,3406,9,70,70,1,1,1,0.020551967116852612,0.1111111111111111,0.0004164715803415067,0.0,0.0004164715803415067,0.0,1.0,0.0,0.01,chr3:14900600_C>T,70,1
Mouse,TabMur,Embryoblast,100,2,chr18,38465001,38465100,chr18:38465001-38465100,3406,9,66,66,3,1,3,0.019377568995889608,0.3333333333333333,0.0003699095403033258,0.08333333333333333,0.0003699095403033258,0.08333333333333333,1.0,1.0,0.01,chr18:38465062_C>T,66,3
Mouse,TabMur,Embryoblast,100,3,chr6,55348301,55348400,chr6:55348301-55348400,3406,9,61,61,1,1,1,0.01790957134468585,0.1111111111111111,0.0003155871602587815,0.0,0.0003155871602587815,0.0,1.0,0.0,0.01,chr6:55348369_A>G,61,1
Mouse,TabMur,Embryoblast,100,4,chr1,85611201,85611300,chr1:85611201-85611300,3406,9,60,60,1,1,1,0.017615971814445096,0.1111111111111111,0.00030524004025029683,0.0,0.00030524004025029683,0.0,1.0,0.0,0.01,chr1:85611270_G>C,60,1
Mouse,TabMur,Embryoblast,100,5,chr13,63292301,63292400,chr13:63292301-63292400,3406,9,55,51,2,3,4,0.014973576042278332,0.2222222222222222,0.00021987630018029857,0.027777777777777776,0.0001150254840943209,0.027777777777777776,0.5231372549019608,1.0,0.01,chr13:63292362_A>G,34,2
Mouse,TabMur,Embryoblast,100,6,chr5,107390101,107390200,chr5:107390101-107390200,3406,9,50,50,3,3,4,0.014679976512037582,0.3333333333333333,0.00021125370017322802,0.08333333333333333,8.174224806702865e-05,0.027777777777777776,0.38693877551020406,0.3333333333333333,0.01,chr5:107390143_C>T,27,2
Mouse,TabMur,Embryoblast,100,7,chr6,39607401,39607500,chr6:39607401-39607500,3406,9,48,48,1,1,1,0.014092777451556078,0.1111111111111111,0.0001945258561595112,0.0,0.0001945258561595112,0.0,1.0,0.0,0.01,chr6:39607428_A>G,48,1
Mouse,TabMur,Embryoblast,100,8,chr1,74252201,74252300,chr1:74252201-74252300,3406,9,46,46,2,3,3,0.013505578391074574,0.2222222222222222,0.00017848782014636002,0.027777777777777776,7.174003205882683e-05,0.0,0.40193236714975844,0.0,0.01,chr1:74252212_A>G,26,1
Mouse,TabMur,Embryoblast,100,9,chr5,88521201,88521300,chr5:88521201-88521300,3406,9,46,46,1,1,1,0.013505578391074574,0.1111111111111111,0.00017848782014636002,0.0,0.00017848782014636002,0.0,1.0,0.0,0.01,chr5:88521261_G>A,46,1
Mouse,TabMur,Embryoblast,100,10,chr9,121726801,121726900,chr9:121726801-121726900,3406,9,40,40,2,1,2,0.011743981209630064,0.2222222222222222,0.0001345125601103003,0.027777777777777776,0.0001345125601103003,0.027777777777777776,1.0,1.0,0.01,chr9:121726842_A>G,40,2
Mouse,TabMur,Embryoblast,1000,1,chr3,14900001,14901000,chr3:14900001-14901000,3406,9,100,100,2,2,2,0.029359953024075163,0.2222222222222222,0.0008536374006999827,0.027777777777777776,0.0004914882004030203,0.0,0.5757575757575758,0.0,0.001,chr3:14900600_C>T,70,1
Mouse,TabMur,Embryoblast,1000,2,chr18,38465001,38466000,chr18:38465001-38466000,3406,9,66,66,3,1,3,0.019377568995889608,0.3333333333333333,0.0003699095403033258,0.08333333333333333,0.0003699095403033258,0.08333333333333333,1.0,1.0,0.001,chr18:38465062_C>T,66,3
Mouse,TabMur,Embryoblast,1000,3,chr6,55348001,55349000,chr6:55348001-55349000,3406,9,61,61,1,1,1,0.01790957134468585,0.1111111111111111,0.0003155871602587815,0.0,0.0003155871602587815,0.0,1.0,0.0,0.001,chr6:55348369_A>G,61,1
Mouse,TabMur,Embryoblast,1000,4,chr1,85611001,85612000,chr1:85611001-85612000,3406,9,60,60,1,1,1,0.017615971814445096,0.1111111111111111,0.00030524004025029683,0.0,0.00030524004025029683,0.0,1.0,0.0,0.001,chr1:85611270_G>C,60,1
Mouse,TabMur,Embryoblast,1000,5,chr13,63292001,63293000,chr13:63292001-63293000,3406,9,55,51,2,3,4,0.014973576042278332,0.2222222222222222,0.00021987630018029857,0.027777777777777776,0.0001150254840943209,0.027777777777777776,0.5231372549019608,1.0,0.001,chr13:63292362_A>G,34,2
Mouse,TabMur,Embryoblast,1000,6,chr5,107390001,107391000,chr5:107390001-107391000,3406,9,50,50,3,3,4,0.014679976512037582,0.3333333333333333,0.00021125370017322802,0.08333333333333333,8.174224806702865e-05,0.027777777777777776,0.38693877551020406,0.3333333333333333,0.001,chr5:107390143_C>T,27,2
Mouse,TabMur,Embryoblast,1000,7,chr5,137152001,137153000,chr5:137152001-137153000,3406,9,50,49,2,3,3,0.014386376981796829,0.2222222222222222,0.00020280355216629892,0.027777777777777776,7.191248405896824e-05,0.0,0.35459183673469385,0.0,0.001,chr5:137152240_G>T,22,1
Mouse,TabMur,Embryoblast,1000,8,chr6,39607001,39608000,chr6:39607001-39608000,3406,9,48,48,1,1,1,0.014092777451556078,0.1111111111111111,0.0001945258561595112,0.0,0.0001945258561595112,0.0,1.0,0.0,0.001,chr6:39607428_A>G,48,1
Mouse,TabMur,Embryoblast,1000,9,chr1,74252001,74253000,chr1:74252001-74253000,3406,9,46,46,2,3,3,0.013505578391074574,0.2222222222222222,0.00017848782014636002,0.027777777777777776,7.174003205882683e-05,0.0,0.40193236714975844,0.0,0.001,chr1:74252212_A>G,26,1
Mouse,TabMur,Embryoblast,1000,10,chr5,88521001,88522000,chr5:88521001-88522000,3406,9,46,46,1,1,1,0.013505578391074574,0.1111111111111111,0.00017848782014636002,0.0,0.00017848782014636002,0.0,1.0,0.0,0.001,chr5:88521261_G>A,46,1
Mouse,TabMur,Germ layer-specific,100,1,chr5,95960901,95961000,chr5:95960901-95961000,3842,9,196,174,1,3,3,0.045288912024986985,0.1111111111111111,0.002039828633252473,0.0,0.0009350061617705675,0.0,0.45837485881336787,0.0,0.01,chr5:95960936_C>T,93,1
Mouse,TabMur,Germ layer-specific,100,2,chr1,85259601,85259700,chr1:85259601-85259700,3842,9,136,136,3,1,3,0.035398230088495575,0.3333333333333333,0.0012441450304469936,0.08333333333333333,0.0012441450304469936,0.08333333333333333,1.0,1.0,0.01,chr1:85259698_T>A,136,3
Mouse,TabMur,Germ layer-specific,100,3,chr1,85099201,85099300,chr1:85099201-85099300,3842,9,116,116,1,1,1,0.03019260801665799,0.1111111111111111,0.0009039702998999399,0.0,0.0009039702998999399,0.0,1.0,0.0,0.01,chr1:85099278_G>C,116,1
Mouse,TabMur,Germ layer-specific,100,4,chr3,136210301,136210400,chr3:136210301-136210400,3842,9,114,95,2,2,3,0.024726704841228526,0.2222222222222222,0.0006051315425866914,0.027777777777777776,0.00043748367737286446,0.027777777777777776,0.722956326987682,1.0,0.01,chr3:136210362_T>C,63,2
Mouse,TabMur,Germ layer-specific,100,5,chr18,38465001,38465100,chr18:38465001-38465100,3842,9,90,90,2,1,2,0.02342529932326913,0.2222222222222222,0.0005427887632832473,0.027777777777777776,0.0005427887632832473,0.027777777777777776,1.0,1.0,0.01,chr18:38465062_C>T,90,2
Mouse,TabMur,Germ layer-specific,100,6,chr8,25581001,25581100,chr8:25581001-25581100,3842,9,88,88,3,1,3,0.022904737116085372,0.3333333333333333,0.0005188003460295307,0.08333333333333333,0.0005188003460295307,0.08333333333333333,1.0,1.0,0.01,chr8:25581097_A>G,88,3
Mouse,TabMur,Germ layer-specific,100,7,chr1,85091701,85091800,chr1:85091701-85091800,3842,9,64,64,2,1,2,0.01665799062988027,0.2222222222222222,0.0002732240066863986,0.027777777777777776,0.0002732240066863986,0.027777777777777776,1.0,1.0,0.01,chr1:85091793_C>T,64,2
Mouse,TabMur,Germ layer-specific,100,8,chr7,63891501,63891600,chr7:63891501-63891600,3842,9,64,64,1,1,1,0.01665799062988027,0.1111111111111111,0.0002732240066863986,0.0,0.0002732240066863986,0.0,1.0,0.0,0.01,chr7:63891550_G>C,64,1
Mouse,TabMur,Germ layer-specific,100,9,chr1,85215101,85215200,chr1:85215101-85215200,3842,9,62,62,1,1,1,0.016137428422696512,0.1111111111111111,0.0002562830340495931,0.0,0.0002562830340495931,0.0,1.0,0.0,0.01,chr1:85215162_G>A,62,1
Mouse,TabMur,Germ layer-specific,100,10,chr4,126389401,126389500,chr4:126389401-126389500,3842,9,60,57,3,4,5,0.014836022904737116,0.3333333333333333,0.00021630233862673224,0.08333333333333333,0.00010489850256709947,0.027777777777777776,0.4849624060150376,0.3333333333333333,0.01,chr4:126389495_T>C,38,2
Mouse,TabMur,Germ layer-specific,1000,1,chr1,85259001,85260000,chr1:85259001-85260000,3842,9,193,192,3,3,5,0.04997397188964081,0.3333333333333333,0.002485037394147721,0.08333333333333333,0.0013788596448548707,0.08333333333333333,0.5548647469458988,1.0,0.001,chr1:85259698_T>A,136,3
Mouse,TabMur,Germ layer-specific,1000,2,chr5,95960001,95961000,chr5:95960001-95961000,3842,9,196,174,1,3,3,0.045288912024986985,0.1111111111111111,0.002039828633252473,0.0,0.0009350061617705675,0.0,0.45837485881336787,0.0,0.001,chr5:95960936_C>T,93,1
Mouse,TabMur,Germ layer-specific,1000,3,chr1,85099001,85100000,chr1:85099001-85100000,3842,9,116,116,1,1,1,0.03019260801665799,0.1111111111111111,0.0009039702998999399,0.0,0.0009039702998999399,0.0,1.0,0.0,0.001,chr1:85099278_G>C,116,1
Mouse,TabMur,Germ layer-specific,1000,4,chr3,136210001,136211000,chr3:136210001-136211000,3842,9,114,95,2,2,3,0.024726704841228526,0.2222222222222222,0.0006051315425866914,0.027777777777777776,0.00043748367737286446,0.027777777777777776,0.722956326987682,1.0,0.001,chr3:136210362_T>C,63,2
Mouse,TabMur,Germ layer-specific,1000,5,chr1,85091001,85092000,chr1:85091001-85092000,3842,9,93,93,3,2,3,0.024206142634044768,0.3333333333333333,0.0005797878475220304,0.08333333333333333,0.00032824828581074275,0.027777777777777776,0.5661524076671341,0.3333333333333333,0.001,chr1:85091793_C>T,64,2
Mouse,TabMur,Germ layer-specific,1000,6,chr18,38465001,38466000,chr18:38465001-38466000,3842,9,90,90,2,1,2,0.02342529932326913,0.2222222222222222,0.0005427887632832473,0.027777777777777776,0.0005427887632832473,0.027777777777777776,1.0,1.0,0.001,chr18:38465062_C>T,90,2
Mouse,TabMur,Germ layer-specific,1000,7,chr8,25581001,25582000,chr8:25581001-25582000,3842,9,88,88,3,1,3,0.022904737116085372,0.3333333333333333,0.0005188003460295307,0.08333333333333333,0.0005188003460295307,0.08333333333333333,1.0,1.0,0.001,chr8:25581097_A>G,88,3
Mouse,TabMur,Germ layer-specific,1000,8,chr4,126389001,126390000,chr4:126389001-126390000,3842,9,79,71,4,6,7,0.018479958355023425,0.4444444444444444,0.0003367865360196927,0.16666666666666666,0.0001161473083979383,0.027777777777777776,0.3448692152917505,0.16666666666666666,0.001,chr4:126389495_T>C,38,2
Mouse,TabMur,Germ layer-specific,1000,9,chr7,63891001,63892000,chr7:63891001-63892000,3842,9,64,64,1,1,1,0.01665799062988027,0.1111111111111111,0.0002732240066863986,0.0,0.0002732240066863986,0.0,1.0,0.0,0.001,chr7:63891550_G>C,64,1
Mouse,TabMur,Germ layer-specific,1000,10,chr6,55348001,55349000,chr6:55348001-55349000,3842,9,63,63,2,2,2,0.01639770952628839,0.2222222222222222,0.0002646857564774486,0.027777777777777776,0.00013430803106459377,0.0,0.5074244751664106,0.0,0.001,chr6:55348223_A>G,37,1
Mouse,TabMur,Tissue-specific,100,1,chr6,55348201,55348300,chr6:55348201-55348300,10711,9,123,123,6,1,6,0.011483521613294743,0.6666666666666666,0.00013081135731297466,0.4166666666666667,0.00013081135731297466,0.4166666666666667,1.0,1.0,0.01,chr6:55348223_A>G,123,6
Mouse,TabMur,Tissue-specific,100,2,chr6,66540801,66540900,chr6:66540801-66540900,10711,9,114,102,4,3,7,0.009522920362244421,0.4444444444444444,8.980531807532088e-05,0.16666666666666666,5.4674718983538395e-05,0.19444444444444445,0.6088138225587265,1.1666666666666667,0.01,chr6:66540825_A>G,75,4
Mouse,TabMur,Tissue-specific,100,3,chr5,135123001,135123100,chr5:135123001-135123100,10711,9,101,101,3,2,3,0.009429558397908691,0.3333333333333333,8.80444294856087e-05,0.08333333333333333,4.7247604733861304e-05,0.027777777777777776,0.5366336633663367,0.3333333333333333,0.01,chr5:135123020_A>G,65,2
Mouse,TabMur,Tissue-specific,100,4,chr6,66540701,66540800,chr6:66540701-66540800,10711,9,105,100,5,3,7,0.009336196433572962,0.5555555555555556,8.630097543638872e-05,0.2777777777777778,4.871210613520608e-05,0.19444444444444445,0.5644444444444444,0.7,0.01,chr6:66540791_A>G,70,4
Mouse,TabMur,Tissue-specific,100,5,chr15,89513501,89513600,chr15:89513501-89513600,10711,9,104,90,3,4,6,0.008402576790215666,0.3333333333333333,6.982533467125997e-05,0.08333333333333333,2.7424532194230197e-05,0.05555555555555555,0.3927590511860175,0.6666666666666666,0.01,chr15:89513539_A>G,44,2
Mouse,TabMur,Tissue-specific,100,6,chr1,85099201,85099300,chr1:85099201-85099300,10711,9,82,82,4,3,5,0.007655681075529829,0.4444444444444444,5.7900108974595343e-05,0.16666666666666666,2.779065754456639e-05,0.05555555555555555,0.4799759108702198,0.3333333333333333,0.01,chr1:85099209_A>C,53,2
Mouse,TabMur,Tissue-specific,100,7,chr4,3793301,3793400,chr4:3793301-3793400,10711,9,86,69,5,6,11,0.006441975539165344,0.5555555555555556,4.09014319947006e-05,0.2777777777777778,1.427888866311159e-05,0.16666666666666666,0.3491048593350384,0.6,0.01,chr4:3793380_A>G,27,3
Mouse,TabMur,Tissue-specific,100,8,chr3,14900501,14900600,chr3:14900501-14900600,10711,9,60,60,2,2,2,0.005601717860143777,0.2222222222222222,3.0859136671193545e-05,0.027777777777777776,1.5237788390182575e-05,0.0,0.4937853107344633,0.0,0.01,chr3:14900540_C>T,32,1
Mouse,TabMur,Tissue-specific,100,9,chr9,118675001,118675100,chr9:118675001-118675100,10711,9,57,57,4,1,4,0.005321631967136589,0.4444444444444444,2.782552662555079e-05,0.16666666666666666,2.782552662555079e-05,0.16666666666666666,1.0,1.0,0.01,chr9:118675017_G>C,57,4
Mouse,TabMur,Tissue-specific,100,10,chr1,85615701,85615800,chr1:85615701-85615800,10711,9,81,56,4,3,7,0.005228270002800859,0.4444444444444444,2.6849192357987604e-05,0.16666666666666666,2.0938883131131892e-05,0.16666666666666666,0.7798701298701298,1.0,0.01,chr1:85615767_C>T,35,3
Mouse,TabMur,Tissue-specific,1000,1,chr6,66540001,66541000,chr6:66540001-66541000,10711,9,219,168,6,6,14,0.015684810008402578,0.6666666666666666,0.000244571734024578,0.4166666666666667,0.00010338682511874448,0.3888888888888889,0.42272597661819217,0.9333333333333333,0.001,chr6:66540825_A>G,75,4
Mouse,TabMur,Tissue-specific,1000,2,chr6,55348001,55349000,chr6:55348001-55349000,10711,9,138,138,6,2,7,0.012883951078330689,0.6666666666666666,0.00016480871127276417,0.4166666666666667,0.00013264198406465566,0.4166666666666667,0.804823865439543,1.0,0.001,chr6:55348223_A>G,123,6
Mouse,TabMur,Tissue-specific,1000,3,chr1,85099001,85100000,chr1:85099001-85100000,10711,9,135,133,4,4,6,0.01241714125665204,0.4444444444444444,0.00015304039644052934,0.16666666666666666,5.181545434281764e-05,0.05555555555555555,0.33857370699475964,0.3333333333333333,0.001,chr1:85099209_A>C,53,2
Mouse,TabMur,Tissue-specific,1000,4,chr15,89513001,89514000,chr15:89513001-89514000,10711,9,123,107,3,5,7,0.00998973018392307,0.3333333333333333,9.887127913126474e-05,0.08333333333333333,3.0405838618396353e-05,0.05555555555555555,0.30752953623699525,0.6666666666666666,0.001,chr15:89513539_A>G,44,2
Mouse,TabMur,Tissue-specific,1000,5,chr5,135123001,135124000,chr5:135123001-135124000,10711,9,101,101,3,2,3,0.009429558397908691,0.3333333333333333,8.80444294856087e-05,0.08333333333333333,4.7247604733861304e-05,0.027777777777777776,0.5366336633663367,0.3333333333333333,0.001,chr5:135123020_A>G,65,2
Mouse,TabMur,Tissue-specific,1000,6,chr1,85615001,85616000,chr1:85615001-85616000,10711,9,114,89,5,4,9,0.008309214825879936,0.5555555555555556,6.82736605674542e-05,0.2777777777777778,3.0144320511013354e-05,0.19444444444444445,0.4415219611848825,0.7,0.001,chr1:85615767_C>T,35,3
Mouse,TabMur,Tissue-specific,1000,7,chr3,14900001,14901000,chr3:14900001-14901000,10711,9,89,83,2,4,4,0.0077490430398655585,0.2222222222222222,5.9329741294955725e-05,0.027777777777777776,1.8759565569606923e-05,0.0,0.3161915956508963,0.0,0.001,chr3:14900540_C>T,32,1
Mouse,TabMur,Tissue-specific,1000,8,chr4,3793001,3794000,chr4:3793001-3794000,10711,9,90,73,5,7,12,0.006815423396508262,0.5555555555555556,4.581797241350092e-05,0.2777777777777778,1.4383495906064788e-05,0.16666666666666666,0.3139269406392694,0.6,0.001,chr4:3793380_A>G,27,3
Mouse,TabMur,Tissue-specific,1000,9,chr9,108337001,108338000,chr9:108337001-108338000,10711,9,71,71,2,2,2,0.006628699467836803,0.2222222222222222,4.332483312311636e-05,0.027777777777777776,2.2926420747242663e-05,0.0,0.5291750503018109,0.0,0.001,chr9:108337339_A>G,45,1
Mouse,TabMur,Tissue-specific,1000,10,chr19,4377001,4378000,chr19:4377001-4378000,10711,9,70,70,4,2,8,0.006535337503501074,0.4444444444444444,4.210441528866238e-05,0.16666666666666666,2.2159300965585874e-05,0.3333333333333333,0.5262939958592132,2.0,0.001,chr19:4377041_T>A,44,4
Mouse,TabMur,Adult-specific,100,1,chr18,36402701,36402800,chr18:36402701-36402800,17071,9,194,160,2,2,3,0.009372620233143928,0.2222222222222222,8.730208653016313e-05,0.027777777777777776,6.891511406048491e-05,0.027777777777777776,0.7893867924528302,1.0,0.01,chr18:36402775_C>T,124,2
Mouse,TabMur,Adult-specific,100,2,chr4,108044001,108044100,chr4:108044001-108044100,17071,9,163,126,2,3,5,0.007380938433600844,0.2222222222222222,5.404905121265996e-05,0.027777777777777776,3.535322702176653e-05,0.05555555555555555,0.6540952380952381,2.0,0.01,chr4:108044036_G>A,75,2
Mouse,TabMur,Adult-specific,100,3,chr10,127585701,127585800,chr10:127585701-127585800,17071,9,77,71,4,3,5,0.004159100228457618,0.4444444444444444,1.7055478382661587e-05,0.16666666666666666,8.689028423520954e-06,0.05555555555555555,0.509456740442656,0.3333333333333333,0.01,chr10:127585723_T>C,46,2
Mouse,TabMur,Adult-specific,100,4,chr8,77496801,77496900,chr8:77496801-77496900,17071,9,77,69,7,5,14,0.004041942475543319,0.7777777777777778,1.6101469732685746e-05,0.5833333333333334,5.113211829007196e-06,0.3888888888888889,0.3175618073316283,0.6666666666666666,0.01,chr8:77496820_T>C,31,4
Mouse,TabMur,Adult-specific,100,5,chr10,117277601,117277700,chr10:117277601-117277700,17071,9,68,68,2,1,2,0.00398336359908617,0.2222222222222222,1.5634760465071668e-05,0.027777777777777776,1.5634760465071668e-05,0.027777777777777776,1.0,1.0,0.01,chr10:117277638_T>C,68,2
Mouse,TabMur,Adult-specific,100,6,chr1,85099201,85099300,chr1:85099201-85099300,17071,9,79,66,3,3,6,0.0038662058461718706,0.3333333333333333,1.4721932044591189e-05,0.08333333333333333,7.4604849102427136e-06,0.08333333333333333,0.5067599067599068,1.0,0.01,chr1:85099269_G>C,37,2
Mouse,TabMur,Adult-specific,100,7,chr14,37121001,37121100,chr14:37121001-37121100,17071,9,60,55,3,2,5,0.003221838205143225,0.3333333333333333,1.0192106800101591e-05,0.08333333333333333,7.954647664187033e-06,0.1111111111111111,0.7804713804713804,1.3333333333333333,0.01,chr14:37121061_G>A,47,3
Mouse,TabMur,Adult-specific,100,8,chr11,76916301,76916400,chr11:76916301-76916400,17071,9,54,54,2,1,2,0.0031632593286860756,0.2222222222222222,9.821484734643353e-06,0.027777777777777776,9.821484734643353e-06,0.027777777777777776,1.0,1.0,0.01,chr11:76916316_C>T,54,2
Mouse,TabMur,Adult-specific,100,9,chr17,35346401,35346500,chr17:35346401-35346500,17071,9,49,49,2,1,2,0.002870364946400328,0.2222222222222222,8.071324981090554e-06,0.027777777777777776,8.071324981090554e-06,0.027777777777777776,1.0,1.0,0.01,chr17:35346445_C>T,49,2
Mouse,TabMur,Adult-specific,100,10,chr3,95887001,95887100,chr3:95887001-95887100,17071,9,53,48,6,5,10,0.0028117860699431786,0.6666666666666666,7.741883145127674e-06,0.4166666666666667,2.8277090920147176e-06,0.25,0.36524822695035464,0.6,0.01,chr3:95887048_T>C,25,4
Mouse,TabMur,Adult-specific,1000,1,chr18,36402001,36403000,chr18:36402001-36403000,17071,9,199,165,3,3,4,0.009665514615429676,0.3333333333333333,9.286141751203672e-05,0.08333333333333333,6.89837477763105e-05,0.027777777777777776,0.7428677014042868,0.3333333333333333,0.001,chr18:36402775_C>T,124,2
Mouse,TabMur,Adult-specific,1000,2,chr4,108044001,108045000,chr4:108044001-108045000,17071,9,163,126,2,3,5,0.007380938433600844,0.2222222222222222,5.404905121265996e-05,0.027777777777777776,3.535322702176653e-05,0.05555555555555555,0.6540952380952381,2.0,0.001,chr4:108044036_G>A,75,2
Mouse,TabMur,Adult-specific,1000,3,chr11,76916001,76917000,chr11:76916001-76917000,17071,9,113,91,2,3,4,0.005330677757600609,0.2222222222222222,2.8105506630583178e-05,0.027777777777777776,1.5730847667227508e-05,0.027777777777777776,0.5597069597069597,1.0,0.001,chr11:76916316_C>T,54,2
Mouse,TabMur,Adult-specific,1000,4,chr17,35346001,35347000,chr17:35346001-35347000,17071,9,92,81,2,4,5,0.004744888993029114,0.2222222222222222,2.2237323927494383e-05,0.027777777777777776,1.0452914920238872e-05,0.027777777777777776,0.4700617283950617,1.0,0.001,chr17:35346445_C>T,49,2
Mouse,TabMur,Adult-specific,1000,5,chr10,127585001,127586000,chr10:127585001-127586000,17071,9,77,71,4,3,5,0.004159100228457618,0.4444444444444444,1.7055478382661587e-05,0.16666666666666666,8.689028423520954e-06,0.05555555555555555,0.509456740442656,0.3333333333333333,0.001,chr10:127585723_T>C,46,2
Mouse,TabMur,Adult-specific,1000,6,chr10,117277001,117278000,chr10:117277001-117278000,17071,9,71,71,3,2,3,0.004159100228457618,0.3333333333333333,1.7055478382661587e-05,0.08333333333333333,1.5655350579819347e-05,0.027777777777777776,0.917907444668008,0.3333333333333333,0.001,chr10:117277638_T>C,68,2
Mouse,TabMur,Adult-specific,1000,7,chr8,77496001,77497000,chr8:77496001-77497000,17071,9,77,69,7,5,14,0.004041942475543319,0.7777777777777778,1.6101469732685746e-05,0.5833333333333334,5.113211829007196e-06,0.3888888888888889,0.3175618073316283,0.6666666666666666,0.001,chr8:77496820_T>C,31,4
Mouse,TabMur,Adult-specific,1000,8,chr1,85099001,85100000,chr1:85099001-85100000,17071,9,81,68,4,4,7,0.00398336359908617,0.4444444444444444,1.5634760465071668e-05,0.16666666666666666,7.467348281825274e-06,0.08333333333333333,0.47761194029850745,0.5,0.001,chr1:85099269_G>C,37,2
Mouse,TabMur,Adult-specific,1000,9,chr3,14900001,14901000,chr3:14900001-14901000,17071,9,75,60,1,2,2,0.003514732587428973,0.1111111111111111,1.214816770113119e-05,0.0,9.780304505147993e-06,0.0,0.8050847457627118,0.0,0.001,chr3:14900623_C>T,45,1
Mouse,TabMur,Adult-specific,1000,10,chr2,155384001,155385000,chr2:155384001-155385000,17071,9,59,59,4,5,7,0.0034561537109718235,0.4444444444444444,1.174322877776015e-05,0.16666666666666666,4.591595588732636e-06,0.05555555555555555,0.39099941554646406,0.3333333333333333,0.001,chr2:155384649_A>G,34,2
Human,TabSap,Embryoblast,100,1,chr12,26301501,26301600,chr12:26301501-26301600,16501,4,294,294,1,1,1,0.017817101993818557,0.25,0.0003163885384356871,0.0,0.0003163885384356871,0.0,1.0,0.0,0.01,chr12:26301534_T>A,294,1
Human,TabSap,Embryoblast,100,2,chr20,15639001,15639100,chr20:15639001-15639100,16501,4,255,255,1,1,1,0.015453608872189564,0.25,0.00023789191839613025,0.0,0.00023789191839613025,0.0,1.0,0.0,0.01,chr20:15639014_A>G,255,1
Human,TabSap,Embryoblast,100,3,chr16,29107301,29107400,chr16:29107301-29107400,16501,4,141,141,1,1,1,0.008544936670504818,0.25,7.250249296185906e-05,0.0,7.250249296185906e-05,0.0,1.0,0.0,0.01,chr16:29107358_C>T,141,1
Human,TabSap,Embryoblast,100,4,chr19,50362201,50362300,chr19:50362201-50362300,16501,4,139,139,1,1,1,0.008423731895036665,0.25,7.04530303948521e-05,0.0,7.04530303948521e-05,0.0,1.0,0.0,0.01,chr19:50362278_A>G,139,1
Human,TabSap,Embryoblast,100,5,chr3,138030901,138031000,chr3:138030901-138031000,16501,4,108,108,1,1,1,0.006545057875280286,0.25,4.2443708645757004e-05,0.0,4.2443708645757004e-05,0.0,1.0,0.0,0.01,chr3:138030997_A>G,108,1
Human,TabSap,Embryoblast,100,6,chr12,95865301,95865400,chr12:95865301-95865400,16501,4,74,74,1,1,1,0.004484576692321677,0.25,1.984085445693833e-05,0.0,1.984085445693833e-05,0.0,1.0,0.0,0.01,chr12:95865347_A>G,74,1
Human,TabSap,Embryoblast,100,7,chr2,179683801,179683900,chr2:179683801-179683900,16501,4,70,70,1,1,1,0.00424216714138537,0.25,1.7739971682157005e-05,0.0,1.7739971682157005e-05,0.0,1.0,0.0,0.01,chr2:179683898_C>T,70,1
Human,TabSap,Embryoblast,100,8,chr10,79559401,79559500,chr10:79559401-79559500,16501,4,70,70,1,1,1,0.00424216714138537,0.25,1.7739971682157005e-05,0.0,1.7739971682157005e-05,0.0,1.0,0.0,0.01,chr10:79559458_G>T,70,1
Human,TabSap,Embryoblast,100,9,chr19,35511401,35511500,chr19:35511401-35511500,16501,4,105,69,1,2,2,0.004181564753651294,0.25,1.723311534838109e-05,0.0,2.186093404807422e-05,0.0,1.2685421994884911,0.0,0.01,chr19:35511491_C>T,69,1
Human,TabSap,Embryoblast,100,10,chr10,120900401,120900500,chr10:120900401-120900500,16501,4,60,60,1,1,1,0.0036361432640446036,0.25,1.300196682294737e-05,0.0,1.300196682294737e-05,0.0,1.0,0.0,0.01,chr10:120900457_G>A,60,1
Human,TabSap,Embryoblast,1000,1,chr12,26301001,26302000,chr12:26301001-26302000,16501,4,294,294,1,1,1,0.017817101993818557,0.25,0.0003163885384356871,0.0,0.0003163885384356871,0.0,1.0,0.0,0.001,chr12:26301534_T>A,294,1
Human,TabSap,Embryoblast,1000,2,chr20,15639001,15640000,chr20:15639001-15640000,16501,4,255,255,1,1,1,0.015453608872189564,0.25,0.00023789191839613025,0.0,0.00023789191839613025,0.0,1.0,0.0,0.001,chr20:15639014_A>G,255,1
Human,TabSap,Embryoblast,1000,3,chr16,29107001,29108000,chr16:29107001-29108000,16501,4,141,141,1,1,1,0.008544936670504818,0.25,7.250249296185906e-05,0.0,7.250249296185906e-05,0.0,1.0,0.0,0.001,chr16:29107358_C>T,141,1
Human,TabSap,Embryoblast,1000,4,chr19,50362001,50363000,chr19:50362001-50363000,16501,4,139,139,1,1,1,0.008423731895036665,0.25,7.04530303948521e-05,0.0,7.04530303948521e-05,0.0,1.0,0.0,0.001,chr19:50362278_A>G,139,1
Human,TabSap,Embryoblast,1000,5,chr3,138030001,138031000,chr3:138030001-138031000,16501,4,108,108,1,1,1,0.006545057875280286,0.25,4.2443708645757004e-05,0.0,4.2443708645757004e-05,0.0,1.0,0.0,0.001,chr3:138030997_A>G,108,1
Human,TabSap,Embryoblast,1000,6,chr12,95865001,95866000,chr12:95865001-95866000,16501,4,74,74,1,1,1,0.004484576692321677,0.25,1.984085445693833e-05,0.0,1.984085445693833e-05,0.0,1.0,0.0,0.001,chr12:95865347_A>G,74,1
Human,TabSap,Embryoblast,1000,7,chr2,179683001,179684000,chr2:179683001-179684000,16501,4,70,70,1,1,1,0.00424216714138537,0.25,1.7739971682157005e-05,0.0,1.7739971682157005e-05,0.0,1.0,0.0,0.001,chr2:179683898_C>T,70,1
Human,TabSap,Embryoblast,1000,8,chr10,79559001,79560000,chr10:79559001-79560000,16501,4,70,70,1,1,1,0.00424216714138537,0.25,1.7739971682157005e-05,0.0,1.7739971682157005e-05,0.0,1.0,0.0,0.001,chr10:79559458_G>T,70,1
Human,TabSap,Embryoblast,1000,9,chr19,35511001,35512000,chr19:35511001-35512000,16501,4,105,69,1,2,2,0.004181564753651294,0.25,1.723311534838109e-05,0.0,2.186093404807422e-05,0.0,1.2685421994884911,0.0,0.001,chr19:35511491_C>T,69,1
Human,TabSap,Embryoblast,1000,10,chr10,120900001,120901000,chr10:120900001-120901000,16501,4,60,60,1,1,1,0.0036361432640446036,0.25,1.300196682294737e-05,0.0,1.300196682294737e-05,0.0,1.0,0.0,0.001,chr10:120900457_G>A,60,1
Human,TabSap,Germ layer-specific,100,1,chr8,16108401,16108500,chr8:16108401-16108500,17532,4,88,68,1,3,3,0.0038786219484371436,0.25,1.4823322716632743e-05,0.0,9.155581677920223e-06,0.0,0.6176470588235294,0.0,0.01,chr8:16108439_C>T,39,1
Human,TabSap,Germ layer-specific,100,2,chr8,16109101,16109200,chr8:16109101-16109200,17532,4,59,59,1,1,1,0.0033652749258498743,0.25,1.1133759950903698e-05,0.0,1.1133759950903698e-05,0.0,1.0,0.0,0.01,chr8:16109143_T>C,59,1
Human,TabSap,Germ layer-specific,100,3,chr5,115804801,115804900,chr5:115804801-115804900,17532,4,51,51,1,1,1,0.0029089664613278577,0.25,8.29663584886161e-06,0.0,8.29663584886161e-06,0.0,1.0,0.0,0.01,chr5:115804817_A>G,51,1
Human,TabSap,Germ layer-specific,100,4,chr2,237901001,237901100,chr2:237901001-237901100,17532,4,42,42,1,1,1,0.0023956194387405884,0.25,5.602669384995958e-06,0.0,5.602669384995958e-06,0.0,1.0,0.0,0.01,chr2:237901083_G>A,42,1
Human,TabSap,Germ layer-specific,100,5,chr10,30697301,30697400,chr10:30697301-30697400,17532,4,41,41,1,1,1,0.0023385808806753367,0.25,5.335875604758055e-06,0.0,5.335875604758055e-06,0.0,1.0,0.0,0.01,chr10:30697324_G>A,41,1
Human,TabSap,Germ layer-specific,100,6,chr4,20317101,20317200,chr4:20317101-20317200,17532,4,39,39,1,1,1,0.0022245037645448325,0.25,4.821809540397218e-06,0.0,4.821809540397218e-06,0.0,1.0,0.0,0.01,chr4:20317141_A>G,39,1
Human,TabSap,Germ layer-specific,100,7,chr5,83581401,83581500,chr5:83581401-83581500,17532,4,38,38,2,1,2,0.0021674652064795803,0.5,4.574537256274283e-06,0.16666666666666666,4.574537256274283e-06,0.16666666666666666,1.0,1.0,0.01,chr5:83581499_T>G,38,2
Human,TabSap,Germ layer-specific,100,8,chr1,221067401,221067500,chr1:221067401-221067500,17532,4,34,34,1,1,1,0.0019393109742185718,0.25,3.6505197734991083e-06,0.0,3.6505197734991083e-06,0.0,1.0,0.0,0.01,chr1:221067455_G>A,34,1
Human,TabSap,Germ layer-specific,100,9,chr2,237324601,237324700,chr2:237324601-237324700,17532,4,33,33,1,1,1,0.0018822724161533196,0.25,3.4357833162344547e-06,0.0,3.4357833162344547e-06,0.0,1.0,0.0,0.01,chr2:237324683_A>T,33,1
Human,TabSap,Germ layer-specific,100,10,chr12,8647301,8647400,chr12:8647301-8647400,17532,4,32,32,1,1,1,0.0018252338580880675,0.25,3.2275540243414575e-06,0.0,3.2275540243414575e-06,0.0,1.0,0.0,0.01,chr12:8647339_A>G,32,1
Human,TabSap,Germ layer-specific,1000,1,chr8,16108001,16109000,chr8:16108001-16109000,17532,4,88,68,1,3,3,0.0038786219484371436,0.25,1.4823322716632743e-05,0.0,9.155581677920223e-06,0.0,0.6176470588235294,0.0,0.001,chr8:16108439_C>T,39,1
Human,TabSap,Germ layer-specific,1000,2,chr8,16109001,16110000,chr8:16109001-16110000,17532,4,59,59,1,1,1,0.0033652749258498743,0.25,1.1133759950903698e-05,0.0,1.1133759950903698e-05,0.0,1.0,0.0,0.001,chr8:16109143_T>C,59,1
Human,TabSap,Germ layer-specific,1000,3,chr5,115804001,115805000,chr5:115804001-115805000,17532,4,51,51,1,1,1,0.0029089664613278577,0.25,8.29663584886161e-06,0.0,8.29663584886161e-06,0.0,1.0,0.0,0.001,chr5:115804817_A>G,51,1
Human,TabSap,Germ layer-specific,1000,4,chr2,237901001,237902000,chr2:237901001-237902000,17532,4,42,42,1,1,1,0.0023956194387405884,0.25,5.602669384995958e-06,0.0,5.602669384995958e-06,0.0,1.0,0.0,0.001,chr2:237901083_G>A,42,1
Human,TabSap,Germ layer-specific,1000,5,chr10,30697001,30698000,chr10:30697001-30698000,17532,4,41,41,1,1,1,0.0023385808806753367,0.25,5.335875604758055e-06,0.0,5.335875604758055e-06,0.0,1.0,0.0,0.001,chr10:30697324_G>A,41,1
Human,TabSap,Germ layer-specific,1000,6,chr4,20317001,20318000,chr4:20317001-20318000,17532,4,39,39,1,1,1,0.0022245037645448325,0.25,4.821809540397218e-06,0.0,4.821809540397218e-06,0.0,1.0,0.0,0.001,chr4:20317141_A>G,39,1
Human,TabSap,Germ layer-specific,1000,7,chr5,83581001,83582000,chr5:83581001-83582000,17532,4,38,38,2,1,2,0.0021674652064795803,0.5,4.574537256274283e-06,0.16666666666666666,4.574537256274283e-06,0.16666666666666666,1.0,1.0,0.001,chr5:83581499_T>G,38,2
Human,TabSap,Germ layer-specific,1000,8,chr1,161542001,161543000,chr1:161542001-161543000,17532,4,38,36,1,5,5,0.002053388090349076,0.25,4.099514184143383e-06,0.0,1.3274617358178575e-06,0.0,0.3238095238095238,0.0,0.001,chr1:161542675_C>T,17,1
Human,TabSap,Germ layer-specific,1000,9,chr1,221067001,221068000,chr1:221067001-221068000,17532,4,34,34,1,1,1,0.0019393109742185718,0.25,3.6505197734991083e-06,0.0,3.6505197734991083e-06,0.0,1.0,0.0,0.001,chr1:221067455_G>A,34,1
Human,TabSap,Germ layer-specific,1000,10,chr2,237324001,237325000,chr2:237324001-237325000,17532,4,33,33,1,1,1,0.0018822724161533196,0.25,3.4357833162344547e-06,0.0,3.4357833162344547e-06,0.0,1.0,0.0,0.001,chr2:237324683_A>T,33,1
Human,TabSap,Tissue-specific,100,1,chr1,153391001,153391100,chr1:153391001-153391100,2564,4,28,28,1,1,1,0.0109204368174727,0.25,0.0001150416676050577,0.0,0.0001150416676050577,0.0,1.0,0.0,0.01,chr1:153391069_G>C,28,1
Human,TabSap,Tissue-specific,100,2,chr10,45594201,45594300,chr10:45594201-45594300,2564,4,27,27,1,1,1,0.010530421216848674,0.25,0.00010682440563326785,0.0,0.00010682440563326785,0.0,1.0,0.0,0.01,chr10:45594230_G>C,27,1
Human,TabSap,Tissue-specific,100,3,chr14,96262901,96263000,chr14:96262901-96263000,2564,4,24,24,1,1,1,0.0093603744149766,0.25,8.399867793385165e-05,0.0,8.399867793385165e-05,0.0,1.0,0.0,0.01,chr14:96262933_T>C,24,1
Human,TabSap,Tissue-specific,100,4,chr5,181046001,181046100,chr5:181046001-181046100,2564,4,23,23,1,1,1,0.008970358814352574,0.25,7.699878810603068e-05,0.0,7.699878810603068e-05,0.0,1.0,0.0,0.01,chr5:181046002_C>T,23,1
Human,TabSap,Tissue-specific,100,5,chr4,79114301,79114400,chr4:79114301-79114400,2564,4,19,19,1,1,1,0.0074102964118564745,0.25,5.204265915466896e-05,0.0,5.204265915466896e-05,0.0,1.0,0.0,0.01,chr4:79114304_T>C,19,1
Human,TabSap,Tissue-specific,100,6,chr5,134150001,134150100,chr5:134150001-134150100,2564,4,17,17,1,1,1,0.006630265210608425,0.25,4.1390652894941394e-05,0.0,4.1390652894941394e-05,0.0,1.0,0.0,0.01,chr5:134150049_T>A,17,1
Human,TabSap,Tissue-specific,100,7,chr6,129393201,129393300,chr6:129393201-129393300,2564,4,16,16,1,1,1,0.0062402496099844,0.25,3.6521164319065934e-05,0.0,3.6521164319065934e-05,0.0,1.0,0.0,0.01,chr6:129393251_T>G,16,1
Human,TabSap,Tissue-specific,100,8,chr7,36517501,36517600,chr7:36517501-36517600,2564,4,16,16,1,1,1,0.0062402496099844,0.25,3.6521164319065934e-05,0.0,3.6521164319065934e-05,0.0,1.0,0.0,0.01,chr7:36517564_A>C,16,1
Human,TabSap,Tissue-specific,100,9,chr1,156233501,156233600,chr1:156233501-156233600,2564,4,14,14,1,1,1,0.00546021840873635,0.25,2.7695216275291667e-05,0.0,2.7695216275291667e-05,0.0,1.0,0.0,0.01,chr1:156233550_A>T,14,1
Human,TabSap,Tissue-specific,100,10,chr11,114326601,114326700,chr11:114326601-114326700,2564,4,14,14,1,1,1,0.00546021840873635,0.25,2.7695216275291667e-05,0.0,2.7695216275291667e-05,0.0,1.0,0.0,0.01,chr11:114326650_A>G,14,1
Human,TabSap,Tissue-specific,1000,1,chr1,153391001,153392000,chr1:153391001-153392000,2564,4,28,28,1,1,1,0.0109204368174727,0.25,0.0001150416676050577,0.0,0.0001150416676050577,0.0,1.0,0.0,0.001,chr1:153391069_G>C,28,1
Human,TabSap,Tissue-specific,1000,2,chr10,45594001,45595000,chr10:45594001-45595000,2564,4,27,27,1,1,1,0.010530421216848674,0.25,0.00010682440563326785,0.0,0.00010682440563326785,0.0,1.0,0.0,0.001,chr10:45594230_G>C,27,1
Human,TabSap,Tissue-specific,1000,3,chr14,96262001,96263000,chr14:96262001-96263000,2564,4,24,24,1,1,1,0.0093603744149766,0.25,8.399867793385165e-05,0.0,8.399867793385165e-05,0.0,1.0,0.0,0.001,chr14:96262933_T>C,24,1
Human,TabSap,Tissue-specific,1000,4,chr5,181046001,181047000,chr5:181046001-181047000,2564,4,23,23,1,1,1,0.008970358814352574,0.25,7.699878810603068e-05,0.0,7.699878810603068e-05,0.0,1.0,0.0,0.001,chr5:181046002_C>T,23,1
Human,TabSap,Tissue-specific,1000,5,chr4,79114001,79115000,chr4:79114001-79115000,2564,4,19,19,1,1,1,0.0074102964118564745,0.25,5.204265915466896e-05,0.0,5.204265915466896e-05,0.0,1.0,0.0,0.001,chr4:79114304_T>C,19,1
Human,TabSap,Tissue-specific,1000,6,chr5,134150001,134151000,chr5:134150001-134151000,2564,4,17,17,1,1,1,0.006630265210608425,0.25,4.1390652894941394e-05,0.0,4.1390652894941394e-05,0.0,1.0,0.0,0.001,chr5:134150049_T>A,17,1
Human,TabSap,Tissue-specific,1000,7,chr6,129393001,129394000,chr6:129393001-129394000,2564,4,16,16,1,1,1,0.0062402496099844,0.25,3.6521164319065934e-05,0.0,3.6521164319065934e-05,0.0,1.0,0.0,0.001,chr6:129393251_T>G,16,1
Human,TabSap,Tissue-specific,1000,8,chr7,36517001,36518000,chr7:36517001-36518000,2564,4,16,16,1,1,1,0.0062402496099844,0.25,3.6521164319065934e-05,0.0,3.6521164319065934e-05,0.0,1.0,0.0,0.001,chr7:36517564_A>C,16,1
Human,TabSap,Tissue-specific,1000,9,chr1,156233001,156234000,chr1:156233001-156234000,2564,4,14,14,1,1,1,0.00546021840873635,0.25,2.7695216275291667e-05,0.0,2.7695216275291667e-05,0.0,1.0,0.0,0.001,chr1:156233550_A>T,14,1
Human,TabSap,Tissue-specific,1000,10,chr11,114326001,114327000,chr11:114326001-114327000,2564,4,14,14,1,1,1,0.00546021840873635,0.25,2.7695216275291667e-05,0.0,2.7695216275291667e-05,0.0,1.0,0.0,0.001,chr11:114326650_A>G,14,1
Human,TabSap,Adult-specific,100,1,chr13,80974501,80974600,chr13:80974501-80974600,10503,4,36,36,1,1,1,0.003427592116538132,0.25,1.1423131220608895e-05,0.0,1.1423131220608895e-05,0.0,1.0,0.0,0.01,chr13:80974550_A>G,36,1
Human,TabSap,Adult-specific,100,2,chr10,24513601,24513700,chr10:24513601-24513700,10503,4,29,29,1,1,1,0.0027611158716557174,0.25,7.361573453281288e-06,0.0,7.361573453281288e-06,0.0,1.0,0.0,0.01,chr10:24513612_A>G,29,1
Human,TabSap,Adult-specific,100,3,chr19,50334801,50334900,chr19:50334801-50334900,10503,4,27,27,2,1,2,0.002570694087403599,0.5,6.364315965767813e-06,0.16666666666666666,6.364315965767813e-06,0.16666666666666666,1.0,1.0,0.01,chr19:50334896_A>C,27,2
Human,TabSap,Adult-specific,100,4,chr6,139696801,139696900,chr6:139696801-139696900,10503,4,24,24,1,1,1,0.0022850614110254213,0.25,5.004419391885802e-06,0.0,5.004419391885802e-06,0.0,1.0,0.0,0.01,chr6:139696887_T>G,24,1
Human,TabSap,Adult-specific,100,5,chr1,153094401,153094500,chr1:153094401-153094500,10503,4,23,23,1,1,1,0.002189850518899362,0.25,4.587384442561985e-06,0.0,4.587384442561985e-06,0.0,1.0,0.0,0.01,chr1:153094494_A>G,23,1
Human,TabSap,Adult-specific,100,6,chr14,103071201,103071300,chr14:103071201-103071300,10503,4,23,23,1,1,1,0.002189850518899362,0.25,4.587384442561985e-06,0.0,4.587384442561985e-06,0.0,1.0,0.0,0.01,chr14:103071250_G>C,23,1
Human,TabSap,Adult-specific,100,7,chr12,31411601,31411700,chr12:31411601-31411700,10503,4,20,20,1,1,1,0.0019042178425211845,0.25,3.4450713205010954e-06,0.0,3.4450713205010954e-06,0.0,1.0,0.0,0.01,chr12:31411642_C>A,20,1
Human,TabSap,Adult-specific,100,8,chr4,79142701,79142800,chr4:79142701-79142800,10503,4,19,19,1,1,1,0.0018090069503951252,0.25,3.100564188450986e-06,0.0,3.100564188450986e-06,0.0,1.0,0.0,0.01,chr4:79142750_A>G,19,1
Human,TabSap,Adult-specific,100,9,chr5,151098001,151098100,chr5:151098001-151098100,10503,4,14,14,2,1,2,0.001332952489764829,0.5,1.6500078429768405e-06,0.16666666666666666,1.6500078429768405e-06,0.16666666666666666,1.0,1.0,0.01,chr5:151098027_T>C,14,2
Human,TabSap,Adult-specific,100,10,chr16,287501,287600,chr16:287501-287600,10503,4,14,14,2,1,2,0.001332952489764829,0.5,1.6500078429768405e-06,0.16666666666666666,1.6500078429768405e-06,0.16666666666666666,1.0,1.0,0.01,chr16:287575_A>G,14,2
Human,TabSap,Adult-specific,1000,1,chr13,80974001,80975000,chr13:80974001-80975000,10503,4,36,36,1,1,1,0.003427592116538132,0.25,1.1423131220608895e-05,0.0,1.1423131220608895e-05,0.0,1.0,0.0,0.001,chr13:80974550_A>G,36,1
Human,TabSap,Adult-specific,1000,2,chr19,50334001,50335000,chr19:50334001-50335000,10503,4,29,29,2,2,3,0.0027611158716557174,0.5,7.361573453281288e-06,0.16666666666666666,6.38244792008624e-06,0.16666666666666666,0.8669950738916257,1.0,0.001,chr19:50334896_A>C,27,2
Human,TabSap,Adult-specific,1000,3,chr10,24513001,24514000,chr10:24513001-24514000,10503,4,29,29,1,1,1,0.0027611158716557174,0.25,7.361573453281288e-06,0.0,7.361573453281288e-06,0.0,1.0,0.0,0.001,chr10:24513612_A>G,29,1
Human,TabSap,Adult-specific,1000,4,chr6,139696001,139697000,chr6:139696001-139697000,10503,4,24,24,1,1,1,0.0022850614110254213,0.25,5.004419391885802e-06,0.0,5.004419391885802e-06,0.0,1.0,0.0,0.001,chr6:139696887_T>G,24,1
Human,TabSap,Adult-specific,1000,5,chr1,153094001,153095000,chr1:153094001-153095000,10503,4,23,23,1,1,1,0.002189850518899362,0.25,4.587384442561985e-06,0.0,4.587384442561985e-06,0.0,1.0,0.0,0.001,chr1:153094494_A>G,23,1
Human,TabSap,Adult-specific,1000,6,chr14,103071001,103072000,chr14:103071001-103072000,10503,4,23,23,1,1,1,0.002189850518899362,0.25,4.587384442561985e-06,0.0,4.587384442561985e-06,0.0,1.0,0.0,0.001,chr14:103071250_G>C,23,1
Human,TabSap,Adult-specific,1000,7,chr12,31411001,31412000,chr12:31411001-31412000,10503,4,20,20,1,1,1,0.0019042178425211845,0.25,3.4450713205010954e-06,0.0,3.4450713205010954e-06,0.0,1.0,0.0,0.001,chr12:31411642_C>A,20,1
Human,TabSap,Adult-specific,1000,8,chr4,79142001,79143000,chr4:79142001-79143000,10503,4,19,19,1,1,1,0.0018090069503951252,0.25,3.100564188450986e-06,0.0,3.100564188450986e-06,0.0,1.0,0.0,0.001,chr4:79142750_A>G,19,1
Human,TabSap,Adult-specific,1000,9,chr4,79198001,79199000,chr4:79198001-79199000,10503,4,17,17,1,2,2,0.0016185851661430068,0.25,2.465945787306047e-06,0.0,1.19670898501617e-06,0.0,0.4852941176470588,0.0,0.001,chr4:79198092_A>T,10,1
Human,TabSap,Adult-specific,1000,10,chr5,151098001,151099000,chr5:151098001-151099000,10503,4,14,14,2,1,2,0.001332952489764829,0.5,1.6500078429768405e-06,0.16666666666666666,1.6500078429768405e-06,0.16666666666666666,1.0,1.0,0.001,chr5:151098027_T>C,14,2
