NAME,NES_avg,pvalue,FDR
GOBP_SENSORY_PERCEPTION_OF_CHEMICAL_STIMULUS,4.48757825,0.010416667,0.031213986
GOBP_DETECTION_OF_STIMULUS_INVOLVED_IN_SENSORY_PERCEPTION,3.89654095,0.39544514,0.5494054
GOBP_HOMOPHILIC_CELL_ADHESION_VIA_PLASMA_MEMBRANE_ADHESION_MOLECULES,3.78319285,0.0,0.0
GOBP_CELL_CELL_ADHESION_VIA_PLASMA_MEMBRANE_ADHESION_MOLECULES,3.7061201500000003,0.0,0.0
GOBP_SENSORY_SYSTEM_DEVELOPMENT,3.401061,0.0,0.0
GOBP_CILIUM_ORGANIZATION,2.8822891999999998,0.0,0.0011681669
GOBP_EPIDERMAL_CELL_DIFFERENTIATION,2.880926,0.0,0.0043885848
GOBP_FOREBRAIN_DEVELOPMENT,2.84267345,0.0,0.0043089064
GOBP_CALCIUM_DEPENDENT_CELL_CELL_ADHESION_VIA_PLASMA_MEMBRANE_CELL_ADHESION_MOLECULES,2.8263686999999997,0.0,0.0011200624
GOBP_SMOOTHENED_SIGNALING_PATHWAY,2.7331700000000003,0.0,0.0026252756
GOBP_TELENCEPHALON_DEVELOPMENT,2.66830255,0.0,0.003309265
GOBP_RESPIRATORY_SYSTEM_DEVELOPMENT,2.6582967,0.01622718,0.10983406
GOBP_EPIDERMIS_DEVELOPMENT,2.57434765,0.014861995,0.0787909
GOBP_CEREBRAL_CORTEX_DEVELOPMENT,2.56604515,0.0,0.003985449
GOBP_REGULATION_OF_SYNAPSE_STRUCTURE_OR_ACTIVITY,2.5588257,0.056420233,0.21482183
GOBP_NEURON_PROJECTION_GUIDANCE,2.53081615,0.0,0.02822018
GOBP_MESENCHYME_DEVELOPMENT,2.5165484,0.0,0.0059579457
GOBP_REGULATION_OF_CELL_JUNCTION_ASSEMBLY,2.5096420999999998,0.0020283975,0.028189862
GOBP_MICROTUBULE_BASED_MOVEMENT,2.4763533,0.030364372,0.10708867
GOBP_PALLIUM_DEVELOPMENT,2.4515452,0.0,0.006865895
GOBP_NEURAL_TUBE_DEVELOPMENT,2.44078765,0.024621213,0.14691009
GOBP_EPITHELIAL_TUBE_MORPHOGENESIS,2.4210241,0.028455285,0.20579892
GOBP_BASEMENT_MEMBRANE_ORGANIZATION,2.40704355,0.01443299,0.050282598
GOBP_NEURON_MIGRATION,2.3994720000000003,0.0019230769,0.06554888
GOBP_REGULATION_OF_EPITHELIAL_CELL_DIFFERENTIATION,2.39772025,0.0039138943,0.059326027
GOBP_CELL_CELL_JUNCTION_ORGANIZATION,2.38232905,0.23564357,0.48903295
GOBP_CELL_CELL_JUNCTION_ASSEMBLY,2.3771806,0.15625,0.40288946
GOBP_EMBRYONIC_ORGAN_DEVELOPMENT,2.36180845,0.042510122,0.22116287
GOBP_POSITIVE_REGULATION_OF_OSTEOBLAST_DIFFERENTIATION,2.35759965,0.0,0.012319315
GOBP_RETINA_DEVELOPMENT_IN_CAMERA_TYPE_EYE,2.3542578,0.0,0.011471686
GOBP_SYNAPSE_ASSEMBLY,2.32791425,0.0,0.0141546745
GOBP_MECHANORECEPTOR_DIFFERENTIATION,2.32316855,0.05204461,0.2548187
GOBP_KIDNEY_EPITHELIUM_DEVELOPMENT,2.3137252999999998,0.031055901,0.107141696
GOBP_EYE_MORPHOGENESIS,2.28283115,0.003921569,0.042982984
GOBP_HAIR_CELL_DIFFERENTIATION,2.26181435,0.057142857,0.26125723
GOBP_MORPHOGENESIS_OF_A_BRANCHING_STRUCTURE,2.26083415,0.009708738,0.12133208
GOBP_POSTSYNAPSE_ORGANIZATION,2.2522257999999997,0.09306931,0.29790986
GOBP_MESENCHYMAL_CELL_DIFFERENTIATION,2.23689305,0.0021141649,0.04196678
GOBP_OSSIFICATION,2.23652395,0.009310987,0.052983847
GOBP_REGULATION_OF_MEMBRANE_POTENTIAL,2.20664915,0.001980198,0.031466983
GOBP_BRANCHING_MORPHOGENESIS_OF_AN_EPITHELIAL_TUBE,2.1948175500000002,0.026052104,0.17798652
GOBP_REGULATION_OF_OSTEOBLAST_DIFFERENTIATION,2.19440695,0.005769231,0.05404629
GOBP_SENSORY_ORGAN_MORPHOGENESIS,2.17351145,0.02173913,0.16340354
GOBP_POSITIVE_REGULATION_OF_CELL_PROJECTION_ORGANIZATION,2.1656304,0.04897959,0.20402773
GOBP_PITUITARY_GLAND_DEVELOPMENT,2.1653628,0.028455285,0.116727956
GOBP_SPROUTING_ANGIOGENESIS,2.16497215,0.08316832,0.30985704
GOBP_CELL_SURFACE_RECEPTOR_PROTEIN_SERINE_THREONINE_KINASE_SIGNALING_PATHWAY,2.15527345,0.006355932,0.032453015
GOBP_COMPLEMENT_ACTIVATION,2.1546556,0.089613035,0.20252833
GOBP_VASCULAR_ENDOTHELIAL_GROWTH_FACTOR_SIGNALING_PATHWAY,2.1385307,0.020661157,0.17489964
GOBP_NON_MOTILE_CILIUM_ASSEMBLY,2.13661005,0.045908183,0.2109303
GOBP_RESPONSE_TO_BMP,2.12606605,0.014799154,0.06365028
GOBP_REGULATION_OF_NEUROTRANSMITTER_SECRETION,2.1205102,0.004140787,0.05425427
GOBP_EPITHELIAL_TO_MESENCHYMAL_TRANSITION,2.10709775,0.005976096,0.07418185
GOBP_REGULATION_OF_CELL_MORPHOGENESIS,2.09657775,0.0040983604,0.038795523
GOBP_DORSAL_VENTRAL_PATTERN_FORMATION,2.0940402,0.003992016,0.071038686
GOBP_RENAL_TUBULE_DEVELOPMENT,2.08984185,0.10245901,0.21416803
GOBP_CAMERA_TYPE_EYE_MORPHOGENESIS,2.0872402,0.01632653,0.041501522
GOBP_NEPHRON_EPITHELIUM_DEVELOPMENT,2.0649462499999998,0.052083332,0.17437588
GOBP_NEGATIVE_REGULATION_OF_EPITHELIAL_CELL_DIFFERENTIATION,2.0447742,0.001992032,0.08530922
GOBP_NERVE_DEVELOPMENT,2.03816225,0.044265594,0.2384175
GOBP_PATTERN_SPECIFICATION_PROCESS,2.03516635,0.006060606,0.049534913
GOBP_COLUMNAR_CUBOIDAL_EPITHELIAL_CELL_DIFFERENTIATION,2.02700025,0.010416667,0.11896675
GOBP_NEGATIVE_REGULATION_OF_FAT_CELL_DIFFERENTIATION,2.01233065,0.15028901,0.38411012
GOBP_POSITIVE_REGULATION_OF_NOTCH_SIGNALING_PATHWAY,2.0053952500000003,0.33398438,0.59693646
GOBP_REGULATION_OF_NERVOUS_SYSTEM_DEVELOPMENT,2.0019502,0.10344828,0.33056772
GOBP_HYPOTHALAMUS_DEVELOPMENT,1.9973218999999998,0.032258064,0.11534647
GOBP_NEUROEPITHELIAL_CELL_DIFFERENTIATION,1.9925068000000001,0.054166667,0.1261638
GOBP_REGULATION_OF_MRNA_METABOLIC_PROCESS,1.9906108,0.007677543,0.10409138
GOBP_ADHERENS_JUNCTION_ORGANIZATION,1.98869435,0.03065134,0.1612257
GOBP_DIENCEPHALON_DEVELOPMENT,1.9859680000000002,0.051975053,0.14290354
GOBP_POSITIVE_REGULATION_OF_NERVOUS_SYSTEM_DEVELOPMENT,1.9822812,0.043650795,0.2506327
GOBP_RENAL_TUBULE_MORPHOGENESIS,1.9688396,0.09533074,0.22995415
GOBP_INSULIN_LIKE_GROWTH_FACTOR_RECEPTOR_SIGNALING_PATHWAY,1.9685932,0.06530612,0.26115385
GOBP_FOREBRAIN_CELL_MIGRATION,1.96531315,0.013513514,0.16268139
GOBP_CEREBRAL_CORTEX_CELL_MIGRATION,1.9603624499999999,0.018442623,0.12174533
GOBP_FAT_CELL_DIFFERENTIATION,1.9581707000000002,0.18867925,0.46848637
GOBP_REGULATION_OF_SYNAPSE_ASSEMBLY,1.95775765,0.016393442,0.14103214
GOBP_MORPHOGENESIS_OF_A_POLARIZED_EPITHELIUM,1.95615235,0.010373444,0.10690286
GOBP_CELL_JUNCTION_MAINTENANCE,1.955521085,0.47600767,0.68896824
GOBP_COLLAGEN_FIBRIL_ORGANIZATION,1.9492357999999999,0.08695652,0.21139774
GOBP_CELLULAR_RESPONSE_TO_VASCULAR_ENDOTHELIAL_GROWTH_FACTOR_STIMULUS,1.9473639,0.3836478,0.6322501
GOBP_REFLEX,1.9417133,0.016032064,0.14910775
GOBP_POSITIVE_REGULATION_OF_MRNA_METABOLIC_PROCESS,1.9410024,0.009652509,0.11912412
GOBP_REGULATION_OF_EPITHELIAL_TO_MESENCHYMAL_TRANSITION,1.9383439,0.015873017,0.117147766
GOBP_MAINTENANCE_OF_SYNAPSE_STRUCTURE,1.9374066,0.17159763,0.42228842
GOBP_MORPHOGENESIS_OF_EMBRYONIC_EPITHELIUM,1.93056595,0.080078125,0.26570478
GOBP_CONNECTIVE_TISSUE_DEVELOPMENT,1.9291488,0.007751938,0.08759503
GOBP_IN_UTERO_EMBRYONIC_DEVELOPMENT,1.9221468000000002,0.1010101,0.32924083
GOBP_ACTION_POTENTIAL,1.9194323,0.053892214,0.23524675
GOBP_OSTEOBLAST_DIFFERENTIATION,1.9149101000000002,0.015748031,0.08343868
GOBP_ORGAN_GROWTH,1.91428565,0.055776894,0.15937352
GOBP_NEURAL_TUBE_PATTERNING,1.9142098,0.009633912,0.10439112
GOBP_PARASYMPATHETIC_NERVOUS_SYSTEM_DEVELOPMENT,1.91001295,0.095634095,0.32220593
GOBP_RETINA_MORPHOGENESIS_IN_CAMERA_TYPE_EYE,1.90829765,0.068686865,0.1987273
GOBP_FEMALE_SEX_DIFFERENTIATION,1.90133445,0.084337346,0.20212476
GOBP_REGULATION_OF_FAT_CELL_DIFFERENTIATION,1.8992824000000001,0.121212125,0.3865478
GOBP_PHOTORECEPTOR_CELL_MAINTENANCE,1.8949615499999999,0.18934911,0.44508523
GOBP_REGULATION_OF_NEUROTRANSMITTER_TRANSPORT,1.8942847500000002,0.024242423,0.14525716
GOBP_SPECIFICATION_OF_SYMMETRY,1.89140155,0.029598309,0.13826464
GOBP_MULTICELLULAR_ORGANISM_GROWTH,1.89074025,0.03168317,0.19567285
GOBP_MYOBLAST_FUSION,1.8899110000000001,0.029354207,0.1777477
GOBP_NEPHRON_DEVELOPMENT,1.8888601500000002,0.03253796,0.14353007
GOBP_CENTRAL_NERVOUS_SYSTEM_NEURON_DIFFERENTIATION,1.883543,0.18058252,0.4450759
GOBP_PROTEIN_CONTAINING_COMPLEX_LOCALIZATION,1.8801805,0.107279696,0.32986635
GOBP_EPITHELIAL_CELL_PROLIFERATION,1.87154235,0.10139165,0.33622438
GOBP_METANEPHRIC_NEPHRON_DEVELOPMENT,1.86262265,0.11111111,0.24480139
GOBP_REGULATION_OF_INSULIN_LIKE_GROWTH_FACTOR_RECEPTOR_SIGNALING_PATHWAY,1.86168315,0.05,0.1505608
GOBP_EAR_DEVELOPMENT,1.86001185,0.118367344,0.3542728
GOBP_NEGATIVE_REGULATION_OF_WNT_SIGNALING_PATHWAY,1.8594228,0.034907598,0.20586525
GOBP_NEURON_MATURATION,1.85734955,0.03773585,0.20599794
GOBP_CYTOSKELETON_DEPENDENT_INTRACELLULAR_TRANSPORT,1.8560135,0.09185804,0.33007255
GOBP_CELLULAR_PROCESS_INVOLVED_IN_REPRODUCTION_IN_MULTICELLULAR_ORGANISM,1.8555087,0.51209676,0.6625763
GOBP_PROTEIN_LOCALIZATION_TO_CELL_JUNCTION,1.85133795,0.077844314,0.30898577
GOBP_HETEROPHILIC_CELL_CELL_ADHESION_VIA_PLASMA_MEMBRANE_CELL_ADHESION_MOLECULES,1.8494844000000001,0.022857143,0.08916179
GOBP_REGULATION_OF_EMBRYONIC_DEVELOPMENT,1.84337565,0.026530612,0.17556186
GOBP_REGULATION_OF_VESICLE_FUSION,1.8399595,0.01446281,0.1211818
GOBP_SKELETAL_SYSTEM_MORPHOGENESIS,1.83929265,0.028056113,0.20053665
GOBP_CRANIAL_NERVE_DEVELOPMENT,1.8358756,0.24561404,0.5001708
GOBP_BONE_DEVELOPMENT,1.8333754,0.026415095,0.120106235
GOBP_POSITIVE_REGULATION_OF_ANIMAL_ORGAN_MORPHOGENESIS,1.8333111,0.013752456,0.09613013
GOBP_CARTILAGE_DEVELOPMENT,1.8321091999999999,0.15040651,0.30358168
GOBP_VASCULAR_PROCESS_IN_CIRCULATORY_SYSTEM,1.8318555,0.09018036,0.29827332
GOBP_ENDOCARDIAL_CUSHION_FORMATION,1.82946975,0.026,0.18320969
GOBP_ENDOCARDIAL_CUSHION_MORPHOGENESIS,1.82566605,0.06412826,0.24882841
GOBP_NEGATIVE_REGULATION_OF_EXTRINSIC_APOPTOTIC_SIGNALING_PATHWAY,1.8245915,0.2,0.46169546
GOBP_REGULATION_OF_BEHAVIOR,1.8209439500000002,0.32591093,0.4741509
GOBP_ESTABLISHMENT_OR_MAINTENANCE_OF_CELL_POLARITY,1.81899375,0.24485597,0.50997806
GOBP_NEURON_REMODELING,1.8172473500000002,0.13306452,0.37760863
GOBP_TRANSMISSION_OF_NERVE_IMPULSE,1.81521715,0.05075188,0.24959682
GOBP_ANIMAL_ORGAN_FORMATION,1.81404025,0.040650405,0.15941575
GOBP_DEVELOPMENT_OF_PRIMARY_FEMALE_SEXUAL_CHARACTERISTICS,1.80975165,0.055343512,0.19034348
GOBP_REGULATION_OF_SYNAPTIC_TRANSMISSION_GLUTAMATERGIC,1.8092907999999999,0.07860262,0.2100871
GOBP_REGULATION_OF_TRANSMEMBRANE_RECEPTOR_PROTEIN_SERINE_THREONINE_KINASE_SIGNALING_PATHWAY,1.80841035,0.06958251,0.1895325
GOBP_LOCOMOTORY_BEHAVIOR,1.8072932000000002,0.037475344,0.10983569
GOBP_OVULATION_CYCLE,1.805249035,0.42964354,0.5798072
GOBP_MESONEPHRIC_TUBULE_MORPHOGENESIS,1.8004978999999999,0.06370656,0.16627976
GOBP_NEGATIVE_REGULATION_OF_SECRETION,1.7984885,0.21063395,0.4855458
GOBP_INNERVATION,1.79770395,0.15498939,0.41174215
GOBP_NEURAL_TUBE_FORMATION,1.79161475,0.21802935,0.4837537
GOBP_CALCIUM_ION_REGULATED_EXOCYTOSIS,1.7910326,0.06370656,0.25059724
GOBP_BONE_MINERALIZATION,1.78999925,0.025948104,0.22310203
GOBP_EPHRIN_RECEPTOR_SIGNALING_PATHWAY,1.7879144349999998,0.48162475,0.68325883
GOBP_REGULATION_OF_ANIMAL_ORGAN_FORMATION,1.7863984,0.1003937,0.23931319
GOBP_PRESYNAPSE_ORGANIZATION,1.78121245,0.14859438,0.40385416
GOBP_PROTEIN_LOCALIZATION_TO_NUCLEUS,1.7804175,0.47890297,0.69439393
GOBP_REGULATION_OF_CELLULAR_RESPONSE_TO_GROWTH_FACTOR_STIMULUS,1.78033535,0.039583333,0.19348352
GOBP_POSITIVE_REGULATION_OF_NEURON_PROJECTION_DEVELOPMENT,1.7738893500000001,0.046,0.15483649
GOBP_MODULATION_OF_EXCITATORY_POSTSYNAPTIC_POTENTIAL,1.773717,0.0375,0.11378721
GOBP_SENSORY_PERCEPTION_OF_LIGHT_STIMULUS,1.7676508499999999,0.08928572,0.20853177
GOBP_EMBRYONIC_BRAIN_DEVELOPMENT,1.7632181,0.23425196,0.396628
GOBP_NUCLEAR_TRANSPORT,1.7631752499999997,0.15169661,0.40874097
GOBP_NEURON_PROJECTION_EXTENSION,1.763083,0.12007874,0.274473
GOBP_REPRODUCTIVE_SYSTEM_DEVELOPMENT,1.7622254499999999,0.040899795,0.13854598
GOBP_REGULATION_OF_POSTSYNAPTIC_MEMBRANE_POTENTIAL,1.75905875,0.11857708,0.25521195
GOBP_INNER_EAR_RECEPTOR_CELL_DEVELOPMENT,1.758984525,0.72440946,0.8640735
GOBP_REGULATION_OF_BICELLULAR_TIGHT_JUNCTION_ASSEMBLY,1.75614315,0.14478764,0.3954748
GOBP_CARDIAC_SEPTUM_MORPHOGENESIS,1.7552876,0.023715414,0.11759128
GOBP_D_GLUCOSE_IMPORT,1.75299005,0.022088353,0.17706615
GOBP_CENTRAL_NERVOUS_SYSTEM_NEURON_DEVELOPMENT,1.75045135,0.035928145,0.1211402
GOBP_EMBRYONIC_ORGAN_MORPHOGENESIS,1.7503459499999998,0.2417154,0.48784602
GOBP_REGULATION_OF_CALCIUM_ION_DEPENDENT_EXOCYTOSIS,1.7488003500000002,0.07910751,0.3171349
GOBP_REGULATION_OF_NEUROGENESIS,1.7469424500000001,0.16496944,0.41485423
GOBP_NEGATIVE_REGULATION_OF_EPITHELIAL_TO_MESENCHYMAL_TRANSITION,1.7447153499999999,0.26984128,0.5177594
GOBP_LENS_DEVELOPMENT_IN_CAMERA_TYPE_EYE,1.7433178,0.04347826,0.14994144
GOBP_SYNAPTIC_TRANSMISSION_GLUTAMATERGIC,1.741551,0.07003891,0.20095237
GOBP_BLOOD_VESSEL_REMODELING,1.73925625,0.13373253,0.38966545
GOBP_INCLUSION_BODY_ASSEMBLY,1.7391317499999999,0.21346153,0.47912726
GOBP_NEGATIVE_REGULATION_OF_TRANSMEMBRANE_RECEPTOR_PROTEIN_SERINE_THREONINE_KINASE_SIGNALING_PATHWAY,1.737651,0.042,0.15982045
GOBP_RETINA_VASCULATURE_DEVELOPMENT_IN_CAMERA_TYPE_EYE,1.7357685,0.024193548,0.1613556
GOBP_POSITIVE_REGULATION_OF_CELL_JUNCTION_ASSEMBLY,1.7357133,0.03258656,0.12681803
GOBP_POSITIVE_REGULATION_OF_BEHAVIOR,1.7354673,0.26584867,0.4246954
GOBP_RHYTHMIC_PROCESS,1.7347407499999998,0.41568628,0.561207
GOBP_NEUROTRANSMITTER_SECRETION,1.73441725,0.16666667,0.42830598
GOBP_POSITIVE_REGULATION_OF_CIRCADIAN_RHYTHM,1.7342534,0.09451796,0.21004009
GOBP_POSITIVE_REGULATION_OF_RAS_PROTEIN_SIGNAL_TRANSDUCTION,1.73308935,0.05597015,0.2543403
GOBP_INTERLEUKIN_6_MEDIATED_SIGNALING_PATHWAY,1.7305291999999999,0.052313883,0.24840759
GOBP_REGULATION_OF_WNT_SIGNALING_PATHWAY,1.7302885000000001,0.10547667,0.330873
GOBP_GLUTAMATE_RECEPTOR_SIGNALING_PATHWAY,1.7282472,0.031067962,0.19364257
GOBP_CEREBRAL_CORTEX_RADIALLY_ORIENTED_CELL_MIGRATION,1.7280967500000002,0.25742576,0.5202241
GOBP_REGULATION_OF_NEURONAL_SYNAPTIC_PLASTICITY,1.7274667,0.19222903,0.41739318
GOBP_REGULATION_OF_EXTRACELLULAR_MATRIX_ORGANIZATION,1.7261887,0.075728156,0.21505882
GOBP_METANEPHRIC_GLOMERULUS_DEVELOPMENT,1.7253604,0.06846473,0.26304996
GOBP_GASTRULATION_WITH_MOUTH_FORMING_SECOND,1.7231299,0.1026694,0.3289327
GOBP_DEVELOPMENTAL_MATURATION,1.7190512500000001,0.026915114,0.18037929
GOBP_FIBROBLAST_GROWTH_FACTOR_RECEPTOR_SIGNALING_PATHWAY,1.7180612,0.08216433,0.31895795
GOBP_POSITIVE_REGULATION_OF_VESICLE_FUSION,1.71642475,0.046938777,0.19592813
GOBP_ORGAN_INDUCTION,1.71608115,0.10119048,0.24188781
GOBP_PRESYNAPSE_ASSEMBLY,1.7147147,0.0503876,0.25027707
GOBP_NEGATIVE_CHEMOTAXIS,1.71291585,0.14313726,0.27934635
GOBP_TRNA_WOBBLE_BASE_MODIFICATION,1.71141725,0.039772727,0.23665921
GOBP_CELL_DIFFERENTIATION_INVOLVED_IN_KIDNEY_DEVELOPMENT,1.7025238,0.029821074,0.17841604
GOBP_POSITIVE_REGULATION_OF_NEUROGENESIS,1.6997219499999998,0.15120968,0.40530685
GOBP_AMEBOIDAL_TYPE_CELL_MIGRATION,1.6995458,0.02504817,0.16293105
GOBP_MICROTUBULE_BASED_TRANSPORT,1.69850925,0.036734693,0.20549026
GOBP_CRANIAL_SKELETAL_SYSTEM_DEVELOPMENT,1.6978409,0.3305785,0.49350777
GOBP_HIPPO_SIGNALING,1.6948717,0.10546875,0.3354955
GOBP_CELL_MIGRATION_INVOLVED_IN_SPROUTING_ANGIOGENESIS,1.6931615,0.5883534,0.7734612
GOBP_REGULATION_OF_MICROTUBULE_BASED_PROCESS,1.69095575,0.28225806,0.5648768
GOBP_CHEMICAL_SYNAPTIC_TRANSMISSION_POSTSYNAPTIC,1.68782435,0.05154639,0.1662959
GOBP_HINDBRAIN_DEVELOPMENT,1.6876969000000002,0.23014256,0.48840898
GOBP_AXON_EXTENSION,1.6873315500000001,0.05078125,0.15332238
GOBP_STRIATED_MUSCLE_CELL_PROLIFERATION,1.6851915,0.085365854,0.29888317
GOBP_SYNCYTIUM_FORMATION,1.6846183,0.032629557,0.21067269
GOBP_NEURAL_RETINA_DEVELOPMENT,1.6817912000000002,0.032520324,0.17893666
GOBP_HEART_MORPHOGENESIS,1.68009605,0.017374517,0.19397417
GOBP_RETINA_HOMEOSTASIS,1.67893355,0.62909836,0.8105858
GOBP_MESONEPHROS_DEVELOPMENT,1.6770325000000001,0.30452675,0.46783143
GOBP_AXIS_SPECIFICATION,1.67159635,0.046783626,0.15250161
GOBP_REGULATION_OF_SYNAPTIC_VESICLE_MEMBRANE_ORGANIZATION,1.67117175,0.05639098,0.23959148
GOBP_REGULATION_OF_SMOOTHENED_SIGNALING_PATHWAY,1.6695459000000001,0.03269231,0.20693992
GOBP_NEGATIVE_REGULATION_OF_LOCOMOTION,1.667244625,0.5841393,0.7590717
GOBP_NEGATIVE_REGULATION_OF_AUTOPHAGY,1.66695965,0.04133858,0.18196255
GOBP_POLARIZED_EPITHELIAL_CELL_DIFFERENTIATION,1.6661074999999999,0.040860213,0.15572834
GOBP_HINDBRAIN_MORPHOGENESIS,1.6646646,0.34268537,0.6044011
GOBP_BIOMINERAL_TISSUE_DEVELOPMENT,1.6636058,0.103658535,0.3270243
GOBP_ACROSOME_REACTION,1.6626012000000001,0.38133875,0.5254274
GOBP_ENDOCARDIAL_CUSHION_DEVELOPMENT,1.66110695,0.14426878,0.39625308
GOBP_REGULATION_OF_ANIMAL_ORGAN_MORPHOGENESIS,1.6596289,0.0703125,0.21503876
GOBP_OUTFLOW_TRACT_MORPHOGENESIS,1.65690695,0.044354837,0.21474758
GOBP_ROOF_OF_MOUTH_DEVELOPMENT,1.6568277999999999,0.27044025,0.53714204
GOBP_REGULATION_OF_POSTSYNAPSE_ORGANIZATION,1.6554070749999998,0.6106557,0.7861568
GOBP_SEX_DIFFERENTIATION,1.65196765,0.09542744,0.22845836
GOBP_NEUROTRANSMITTER_TRANSPORT,1.6509407999999999,0.29783037,0.5592951
GOBP_ANATOMICAL_STRUCTURE_ARRANGEMENT,1.650056225,0.62124246,0.7821517
GOBP_REGULATION_OF_MRNA_CATABOLIC_PROCESS,1.6467128500000001,0.033864543,0.19422974
GOBP_AUTONOMIC_NERVOUS_SYSTEM_DEVELOPMENT,1.6465779500000002,0.28985506,0.55817604
GOBP_ARTERY_DEVELOPMENT,1.6457907,0.4260355,0.6547844
GOBP_LIMBIC_SYSTEM_DEVELOPMENT,1.6450968000000001,0.14046122,0.37866357
GOBP_EMBRYONIC_HEART_TUBE_DEVELOPMENT,1.64439915,0.22064777,0.46197337
GOBP_PARAXIAL_MESODERM_DEVELOPMENT,1.64341035,0.07157464,0.2349211
GOBP_ANTERIOR_POSTERIOR_AXIS_SPECIFICATION,1.6433806999999998,0.08924949,0.21025608
GOBP_CARDIAC_SEPTUM_DEVELOPMENT,1.64043675,0.14015152,0.38449958
GOBP_SPECIFICATION_OF_ANIMAL_ORGAN_IDENTITY,1.6380686,0.12681913,0.27423084
GOBP_REGULATION_OF_CILIUM_MOVEMENT,1.6364539999999999,0.71370965,0.7749024
GOBP_EXOCRINE_SYSTEM_DEVELOPMENT,1.6358665499999998,0.043659043,0.2404111
GOBP_FOREBRAIN_NEURON_DEVELOPMENT,1.6341376,0.0390625,0.17981212
GOBP_REGULATION_OF_ENDOTHELIAL_CELL_MIGRATION,1.6327598499999998,0.86888456,0.92450386
GOBP_ENDOCRINE_SYSTEM_DEVELOPMENT,1.6319766,0.032258064,0.22249538
GOBP_POSITIVE_REGULATION_OF_MRNA_CATABOLIC_PROCESS,1.63157195,0.06300813,0.26642305
GOBP_SPERMATID_DIFFERENTIATION,1.6279188,0.9087221,0.91592914
GOBP_REGULATION_OF_ENDOCYTOSIS,1.62697475,0.06311637,0.27401528
GOBP_REGULATION_OF_CANONICAL_WNT_SIGNALING_PATHWAY,1.6259457999999998,0.2752475,0.54814243
GOBP_MITOTIC_RECOMBINATION,1.6227057,0.15322581,0.29072848
GOBP_LUNG_ALVEOLUS_DEVELOPMENT,1.6223964,0.33973128,0.4679705
GOBP_BRANCHING_INVOLVED_IN_SALIVARY_GLAND_MORPHOGENESIS,1.6211958000000002,0.034416825,0.21370305
GOBP_LUNG_MORPHOGENESIS,1.62087175,0.054325957,0.22570837
GOBP_KIDNEY_MORPHOGENESIS,1.61939145,0.12645914,0.27659214
GOBP_MESENCHYME_MORPHOGENESIS,1.6177538999999999,0.034042552,0.20252462
GOBP_TELENCEPHALON_GLIAL_CELL_MIGRATION,1.6176716299999998,0.49704143,0.7016262
GOBP_POSITIVE_REGULATION_OF_NEUROTRANSMITTER_TRANSPORT,1.6130536,0.27450982,0.5397988
GOBP_ESTABLISHMENT_OR_MAINTENANCE_OF_BIPOLAR_CELL_POLARITY,1.6129866,0.3273453,0.59012735
GOBP_HOMOLOGOUS_RECOMBINATION,1.6129597,0.17515275,0.33305743
GOBP_PHAGOCYTOSIS_RECOGNITION,1.6126588,0.054655872,0.2506943
GOBP_INSULIN_RECEPTOR_SIGNALING_PATHWAY,1.61209055,0.053784862,0.1915914
GOBP_REGULATION_OF_CELL_SHAPE,1.6112140000000001,0.5,0.7019359
GOBP_SYNAPTIC_VESICLE_CLUSTERING,1.609108,0.19291338,0.4452056
GOBP_NEURON_RECOGNITION,1.6063601,0.0882353,0.30038172
GOBP_EMBRYONIC_HINDLIMB_MORPHOGENESIS,1.6043756500000002,0.13163064,0.25627154
GOBP_HEART_FORMATION,1.6018757,0.06092437,0.19296889
GOBP_ENTEROENDOCRINE_CELL_DIFFERENTIATION,1.60131555,0.10526316,0.32981265
GOBP_MUSCLE_ORGAN_DEVELOPMENT,1.60007515,0.13773584,0.2877403
GOBP_RETINAL_ROD_CELL_DIFFERENTIATION,1.5976736,0.07528958,0.2743221
GOBP_LUNG_EPITHELIUM_DEVELOPMENT,1.5974756,0.11045365,0.3440917
GOBP_REGULATION_OF_NERVOUS_SYSTEM_PROCESS,1.5973407,0.42023346,0.6533789
GOBP_REGULATION_OF_CELL_MATRIX_ADHESION,1.5956135,0.052,0.23019192
GOBP_REGULATION_OF_DEVELOPMENTAL_GROWTH,1.5932236999999998,0.11262136,0.27920038
GOBP_MYOTUBE_DIFFERENTIATION,1.59189035,0.056016598,0.22334175
GOBP_SYNAPTIC_VESICLE_EXOCYTOSIS,1.5867862000000001,0.40451744,0.6412785
GOBP_TRANSFORMING_GROWTH_FACTOR_BETA_RECEPTOR_SIGNALING_PATHWAY,1.586005,0.11157025,0.3607296
GOBP_TUBE_FORMATION,1.5839135,0.7865385,0.88933206
GOBP_ANATOMICAL_STRUCTURE_MATURATION,1.58332295,0.06827309,0.19856888
GOBP_REGULATION_OF_D_GLUCOSE_TRANSMEMBRANE_TRANSPORT,1.58150995,0.09375,0.28937382
GOBP_TYPE_B_PANCREATIC_CELL_DIFFERENTIATION,1.5792619,0.06666667,0.2020092
GOBP_CARDIAC_EPITHELIAL_TO_MESENCHYMAL_TRANSITION,1.57801705,0.07692308,0.25427064
GOBP_POSITIVE_REGULATION_OF_EXCITATORY_POSTSYNAPTIC_POTENTIAL,1.57728535,0.058333334,0.2023719
GOBP_NEURON_PROJECTION_ORGANIZATION,1.5770631,0.2917505,0.55375254
GOBP_MIRNA_PROCESSING,1.5712213,0.09922179,0.32665217
GOBP_WNT_SIGNALING_PATHWAY,1.5709684,0.27272728,0.5268624
GOBP_ESTABLISHMENT_OF_CELL_POLARITY,1.5702107,0.24615385,0.5109394
GOBP_SPINAL_CORD_DEVELOPMENT,1.5696295500000002,0.22460938,0.48590976
GOBP_NEUROTRANSMITTER_GATED_ION_CHANNEL_CLUSTERING,1.5678507499999998,0.10526316,0.26135737
GOBP_CANONICAL_WNT_SIGNALING_PATHWAY,1.56705075,0.42561984,0.6588097
GOBP_SPINAL_CORD_PATTERNING,1.56617445,0.2394958,0.48845032
GOBP_POSITIVE_REGULATION_OF_MEIOTIC_NUCLEAR_DIVISION,1.56600985,0.13675214,0.2765806
GOBP_POSITIVE_REGULATION_OF_BMP_SIGNALING_PATHWAY,1.5652319,0.2800789,0.5186571
GOBP_ZINC_ION_TRANSPORT,1.5637053,0.38016528,0.6177401
GOBP_GLIOGENESIS,1.5623846,0.6472946,0.81920433
GOBP_SEMI_LUNAR_VALVE_DEVELOPMENT,1.5617202,0.058232933,0.23648515
GOBP_CHONDROCYTE_DIFFERENTIATION,1.56117135,0.12745099,0.2626985
GOBP_DENDRITE_MORPHOGENESIS,1.5594755999999999,0.2963671,0.5652868
GOBP_METANEPHRIC_NEPHRON_MORPHOGENESIS,1.55916805,0.19254659,0.3497637
GOBP_NEGATIVE_REGULATION_OF_CELL_JUNCTION_ASSEMBLY,1.5554359500000001,0.1390593,0.2564146
GOBP_MOTILE_CILIUM_ASSEMBLY,1.553719775,0.44660193,0.5886623
GOBP_DENDRITE_DEVELOPMENT,1.5517887,0.3423077,0.60217667
GOBP_REGULATION_OF_REPRODUCTIVE_PROCESS,1.550727915,0.86180425,0.90314746
GOBP_NEGATIVE_REGULATION_OF_PROTEIN_LOCALIZATION_TO_NUCLEUS,1.54953425,0.15060242,0.40124506
GOBP_NUCLEAR_PORE_ORGANIZATION,1.5493564,0.15195072,0.4048148
GOBP_DORSAL_VENTRAL_NEURAL_TUBE_PATTERNING,1.5466775,0.06759443,0.2501294
GOBP_DEVELOPMENT_OF_PRIMARY_SEXUAL_CHARACTERISTICS,1.5461692999999999,0.12426036,0.26034638
GOBP_OVULATION_CYCLE_PROCESS,1.54421275,0.5047985,0.6371263
GOBP_CELLULAR_RESPONSE_TO_RADIATION,1.54382395,0.09411765,0.23322332
GOBP_OUTFLOW_TRACT_SEPTUM_MORPHOGENESIS,1.5431978,0.13562752,0.3715399
GOBP_BODY_MORPHOGENESIS,1.5431497,0.22007722,0.48965505
GOBP_REGULATION_OF_PRESYNAPTIC_MEMBRANE_POTENTIAL,1.542862,0.07444668,0.26624858
GOBP_POST_ANAL_TAIL_MORPHOGENESIS,1.54117105,0.18674698,0.4780296
GOBP_CARDIAC_MUSCLE_CELL_PROLIFERATION,1.54112725,0.057142857,0.24564406
GOBP_SYNAPSE_MATURATION,1.54110163,0.50206614,0.71594846
GOBP_IMPORT_INTO_NUCLEUS,1.5410990500000001,0.5179283,0.72328675
GOBP_NEGATIVE_REGULATION_OF_ANOIKIS,1.54048175,0.113131315,0.37276006
GOBP_POSITIVE_REGULATION_OF_NEURON_DIFFERENTIATION,1.5403599,0.42708334,0.57448095
GOBP_POSITIVE_REGULATION_OF_NEUROTRANSMITTER_SECRETION,1.5383575999999999,0.41308793,0.64371204
GOBP_PROTEIN_LOCALIZATION_TO_SYNAPSE,1.53743125,0.1295938,0.37714148
GOBP_GLOMERULUS_DEVELOPMENT,1.5374144,0.13492064,0.27951044
GOBP_ESTABLISHMENT_OF_MITOCHONDRION_LOCALIZATION,1.5372926500000001,0.4318182,0.6507441
GOBP_PULMONARY_VALVE_MORPHOGENESIS,1.5367904000000001,0.17901234,0.32693776
GOBP_PROTEIN_KINASE_A_SIGNALING,1.534726,0.20315582,0.36058217
GOBP_MUSCLE_TISSUE_DEVELOPMENT,1.5338775500000001,0.17479675,0.3403936
GOBP_DEVELOPMENTAL_GROWTH_INVOLVED_IN_MORPHOGENESIS,1.5338025,0.09533074,0.22059971
GOBP_NEURAL_PRECURSOR_CELL_PROLIFERATION,1.53246815,0.35687023,0.62296057
GOBP_REGULATION_OF_BMP_SIGNALING_PATHWAY,1.53237235,0.06692913,0.22313623
GOBP_LAMELLIPODIUM_ORGANIZATION,1.5315029500000001,0.094339624,0.32453758
GOBP_REGULATION_OF_SYNAPTIC_PLASTICITY,1.5313302,0.33744857,0.59359115
GOBP_PULMONARY_VALVE_DEVELOPMENT,1.5293090999999999,0.14830509,0.2904959
GOBP_POSITIVE_REGULATION_OF_TRANSMEMBRANE_RECEPTOR_PROTEIN_SERINE_THREONINE_KINASE_SIGNALING_PATHWAY,1.5292495000000002,0.056497175,0.26045406
GOBP_MONOSACCHARIDE_TRANSMEMBRANE_TRANSPORT,1.5289799,0.13125,0.26587096
GOBP_REGULATION_OF_PRESYNAPSE_ORGANIZATION,1.5270932,0.18669131,0.43408602
GOBP_RESPIRATORY_GASEOUS_EXCHANGE_BY_RESPIRATORY_SYSTEM,1.52671685,0.06706114,0.29255646
GOBP_REGULATION_OF_RECEPTOR_MEDIATED_ENDOCYTOSIS,1.52475735,0.097510375,0.23337203
GOBP_CELL_RECOGNITION,1.5235089,0.107421875,0.34498376
GOBP_DIGESTIVE_SYSTEM_DEVELOPMENT,1.5221946499999999,0.118473895,0.35606334
GOBP_HAIR_FOLLICLE_MATURATION,1.5221445,0.3383743,0.46294317
GOBP_CELL_MATRIX_ADHESION,1.5207063,0.0785124,0.23539573
GOBP_RETINAL_GANGLION_CELL_AXON_GUIDANCE,1.51942895,0.15195072,0.3982828
GOBP_REGULATION_OF_DENDRITE_EXTENSION,1.5183413000000001,0.82945734,0.87133396
GOBP_REGULATION_OF_SYNAPTIC_VESICLE_EXOCYTOSIS,1.5167319,0.10344828,0.24128847
GOBP_SYNAPSE_PRUNING,1.51664835,0.91886795,0.9703143
GOBP_REGULATION_OF_EPIDERMIS_DEVELOPMENT,1.5154708000000001,0.06451613,0.25113162
GOBP_ODONTOBLAST_DIFFERENTIATION,1.5131562,0.25096524,0.40328535
GOBP_POSITIVE_REGULATION_OF_SIGNAL_TRANSDUCTION_BY_P53_CLASS_MEDIATOR,1.5130555,0.09979633,0.24102859
GOBP_NON_CANONICAL_WNT_SIGNALING_PATHWAY,1.5129986500000001,0.33771107,0.5967687
GOBP_GLIAL_CELL_MIGRATION,1.51126767,0.44933078,0.6705781
GOBP_EMBRYONIC_HEART_TUBE_MORPHOGENESIS,1.51090795,0.23819302,0.4889261
GOBP_METENCEPHALON_DEVELOPMENT,1.5105939,0.4748954,0.70148253
GOBP_SALIVARY_GLAND_DEVELOPMENT,1.50991145,0.13184585,0.3766785
GOBP_EPITHELIAL_TUBE_BRANCHING_INVOLVED_IN_LUNG_MORPHOGENESIS,1.50868015,0.38477367,0.64053667
GOBP_PROTEIN_LOCALIZATION_TO_CILIUM,1.5072494,0.3249476,0.5929771
GOBP_FOREBRAIN_GENERATION_OF_NEURONS,1.5050529,0.15947467,0.40924406
GOBP_DOLICHOL_LINKED_OLIGOSACCHARIDE_BIOSYNTHETIC_PROCESS,1.5050325,0.1663286,0.44596642
GOBP_CARDIAC_CHAMBER_DEVELOPMENT,1.50492085,0.3443299,0.60181516
GOBP_REGULATION_OF_RAS_PROTEIN_SIGNAL_TRANSDUCTION,1.5048263,0.07509881,0.29906648
GOBP_EPIDERMIS_MORPHOGENESIS,1.5026764,0.17001829,0.3243645
GOBP_CELLULAR_RESPONSE_TO_PEPTIDE_HORMONE_STIMULUS,1.50251895,0.27108434,0.53034455
GOBP_COGNITION,1.5019771999999998,0.18585859,0.4039555
GOBP_POSITIVE_REGULATION_OF_SYNAPTIC_TRANSMISSION,1.5019684999999998,0.28239846,0.5582991
GOBP_CELL_SUBSTRATE_ADHESION,1.5009819,0.22519083,0.4794027
GOBP_CGMP_MEDIATED_SIGNALING,1.500423,0.15113872,0.4024783
GOBP_NEGATIVE_REGULATION_OF_CHONDROCYTE_DIFFERENTIATION,1.4972182,0.15151516,0.4029071
GOBP_ASTROCYTE_ACTIVATION,1.49695755,0.10141988,0.32453728
GOBP_CAMERA_TYPE_EYE_PHOTORECEPTOR_CELL_DIFFERENTIATION,1.4965785,0.1375969,0.39141357
GOBP_MEIOSIS_I_CELL_CYCLE_PROCESS,1.49551207,0.45576924,0.60892576
GOBP_PHOTOTRANSDUCTION,1.49271845,0.071428575,0.3102112
GOBP_NEGATIVE_REGULATION_OF_CELL_SUBSTRATE_ADHESION,1.4923602,0.16,0.33767444
GOBP_RNA_EXPORT_FROM_NUCLEUS,1.49210015,0.2389706,0.48644605
GOBP_REGULATION_OF_D_GLUCOSE_IMPORT,1.49183055,0.17142858,0.42841578
GOBP_EMBRYONIC_CRANIAL_SKELETON_MORPHOGENESIS,1.4910831999999998,0.45401174,0.59456193
GOBP_PHOTORECEPTOR_CELL_DEVELOPMENT,1.48972,0.29208925,0.5473069
GOBP_MONOCYTE_CHEMOTAXIS,1.4892869000000002,0.15767635,0.3046232
GOBP_POSTSYNAPTIC_SPECIALIZATION_ORGANIZATION,1.4883479,0.111561865,0.26237538
GOBP_PROTEIN_LOCALIZATION_TO_CELL_CELL_JUNCTION,1.48815585,0.38742393,0.61443514
GOBP_REGULATION_OF_PEROXISOME_PROLIFERATOR_ACTIVATED_RECEPTOR_SIGNALING_PATHWAY,1.4863482000000001,0.11067194,0.2554577
GOBP_POSITIVE_REGULATION_OF_STEM_CELL_POPULATION_MAINTENANCE,1.48617155,0.136,0.38369766
GOBP_REGULATION_OF_BIOMINERAL_TISSUE_DEVELOPMENT,1.4847244499999999,0.4117647,0.6441025
GOBP_MUSCLE_CELL_PROLIFERATION,1.483109835,0.82851636,0.8972152
GOBP_GLUTAMATE_SECRETION,1.48255275,0.65082645,0.74212897
GOBP_POSTSYNAPTIC_MEMBRANE_ORGANIZATION,1.4823129700000002,0.6118812,0.7800561
GOBP_RESPONSE_TO_RADIATION,1.4817178,0.086419754,0.28382754
GOBP_POSITIVE_REGULATION_OF_SYNAPTIC_TRANSMISSION_GLUTAMATERGIC,1.4816611499999999,0.083333336,0.28743485
GOBP_CEREBELLAR_CORTEX_DEVELOPMENT,1.4815038500000002,0.40289256,0.6423457
GOBP_VASCULAR_TRANSPORT,1.48067415,0.3247012,0.47433877
GOBP_EMBRYONIC_DIGIT_MORPHOGENESIS,1.48040955,0.34709194,0.60952926
GOBP_MULTI_MULTICELLULAR_ORGANISM_PROCESS,1.48002235,0.4928717,0.6028811
GOBP_APOPTOTIC_CELL_CLEARANCE,1.4795047000000001,0.14880952,0.27095893
GOBP_SMAD_PROTEIN_SIGNAL_TRANSDUCTION,1.47833525,0.29607844,0.44887254
GOBP_ANTERIOR_POSTERIOR_PATTERN_SPECIFICATION,1.47794495,0.17819707,0.4389569
GOBP_GASTRULATION,1.4777401499999998,0.30056712,0.5776154
GOBP_MESENCHYMAL_CELL_PROLIFERATION,1.47732835,0.1707819,0.3219208
GOBP_NEGATIVE_REGULATION_OF_REPRODUCTIVE_PROCESS,1.4754307,0.9886364,0.98874557
GOBP_METANEPHROS_MORPHOGENESIS,1.4748408,0.31717172,0.48416415
GOBP_RECEPTOR_CLUSTERING,1.47481065,0.24158415,0.4860652
GOBP_REGULATORY_NCRNA_PROCESSING,1.4747659999999998,0.098393574,0.28223372
GOBP_EMBRYONIC_CAMERA_TYPE_EYE_DEVELOPMENT,1.4746582,0.18390805,0.34036863
GOBP_MUSCLE_CELL_DIFFERENTIATION,1.47382795,0.13653846,0.39042768
GOBP_CELL_MATURATION,1.4724593499999998,0.12896825,0.27238402
GOBP_WNT_SIGNALING_PATHWAY_PLANAR_CELL_POLARITY_PATHWAY,1.47117915,0.16506718,0.30756745
GOBP_SKIN_EPIDERMIS_DEVELOPMENT,1.4711439,0.34960938,0.5120675
GOBP_MITOCHONDRION_LOCALIZATION,1.46885965,0.20808081,0.47861406
GOBP_CHONDROCYTE_PROLIFERATION,1.46789325,0.34343433,0.4836373
GOBP_VENTRICULAR_SEPTUM_MORPHOGENESIS,1.4677524499999999,0.15221988,0.3070656
GOBP_CARBOHYDRATE_TRANSPORT,1.46659095,0.11776062,0.26748657
GOBP_EPITHELIAL_TO_MESENCHYMAL_TRANSITION_INVOLVED_IN_ENDOCARDIAL_CUSHION_FORMATION,1.46155415,0.21971253,0.48185027
GOBP_NEGATIVE_REGULATION_OF_CARTILAGE_DEVELOPMENT,1.4600069,0.22334003,0.48588696
GOBP_REGULATION_OF_BONE_MINERALIZATION,1.4599825499999999,0.30864197,0.56718993
GOBP_CARDIAC_CHAMBER_MORPHOGENESIS,1.45958495,0.18467583,0.44562292
GOBP_REGULATION_OF_NOTCH_SIGNALING_PATHWAY,1.457944,0.9230769,0.95701295
GOBP_POSITIVE_REGULATION_OF_EPITHELIAL_TO_MESENCHYMAL_TRANSITION,1.45707525,0.20080322,0.35795522
GOBP_COCHLEA_DEVELOPMENT,1.45572015,0.51214576,0.72125804
GOBP_GLOMERULAR_EPITHELIUM_DEVELOPMENT,1.455717,0.20192307,0.44595745
GOBP_NEURON_FATE_COMMITMENT,1.4549577,0.1563786,0.42435232
GOBP_REGULATION_OF_STEM_CELL_POPULATION_MAINTENANCE,1.4537216,0.12072434,0.36026803
GOBP_RAS_PROTEIN_SIGNAL_TRANSDUCTION,1.4521669,0.44320297,0.6890513
GOBP_REGULATION_OF_ASTROCYTE_DIFFERENTIATION,1.4502092000000002,0.096114516,0.28246337
GOBP_CELL_JUNCTION_DISASSEMBLY,1.4496194,0.7351695,0.85984254
GOBP_CATECHOLAMINE_TRANSPORT,1.44869355,0.40421054,0.6324671
GOBP_EPITHELIAL_CELL_DIFFERENTIATION_INVOLVED_IN_KIDNEY_DEVELOPMENT,1.4482309,0.16409266,0.2975508
GOBP_HEART_FIELD_SPECIFICATION,1.44522335,0.12623274,0.28571227
GOBP_PANCREAS_DEVELOPMENT,1.444439415,0.6135922,0.76467806
GOBP_CORPUS_CALLOSUM_DEVELOPMENT,1.4435391499999999,0.123732254,0.27080584
GOBP_NOTOCHORD_DEVELOPMENT,1.44282475,0.16297787,0.39520293
GOBP_ENDODERM_DEVELOPMENT,1.44208755,0.13842975,0.4055216
GOBP_ESTABLISHMENT_OF_TISSUE_POLARITY,1.4407613499999998,0.21538462,0.47873703
GOBP_REGULATION_OF_CELL_PROLIFERATION_INVOLVED_IN_KIDNEY_DEVELOPMENT,1.4402591999999999,0.12643678,0.37218055
GOBP_DEVELOPMENTAL_INDUCTION,1.43843827,0.5609284,0.6945131
GOBP_REGULATION_OF_DNA_DAMAGE_CHECKPOINT,1.43579635,0.11462451,0.29742306
GOBP_REGULATION_OF_ACTION_POTENTIAL,1.4333520499999999,0.13292433,0.2810646
GOBP_CARDIAC_ATRIUM_DEVELOPMENT,1.432541375,0.43271223,0.5852648
GOBP_CIRCADIAN_RHYTHM,1.43091562,0.52917504,0.6561236
GOBP_REGULATION_OF_NEURON_DIFFERENTIATION,1.43022625,0.24361493,0.42604688
GOBP_RESPIRATORY_SYSTEM_PROCESS,1.4301663,0.2754491,0.53755295
GOBP_REPLACEMENT_OSSIFICATION,1.42976665,0.13539653,0.37697506
GOBP_CELLULAR_RESPONSE_TO_LIGHT_STIMULUS,1.4283808,0.2281059,0.39428017
GOBP_SECRETORY_GRANULE_LOCALIZATION,1.426545075,0.7697095,0.87582195
GOBP_REGULATION_OF_DENDRITIC_SPINE_DEVELOPMENT,1.4248725,0.13655463,0.28165945
GOBP_POSITIVE_REGULATION_OF_BLOOD_VESSEL_ENDOTHELIAL_CELL_MIGRATION,1.42384255,0.44575936,0.6583115
GOBP_REGULATION_OF_NEUROTRANSMITTER_RECEPTOR_ACTIVITY,1.4233605,0.15820312,0.40489867
GOBP_PHOTORECEPTOR_CELL_DIFFERENTIATION,1.4218255000000002,0.73253495,0.8602217
GOBP_REGULATION_OF_SPROUTING_ANGIOGENESIS,1.42162155,0.10685484,0.3457433
GOBP_REGULATION_OF_MEMBRANE_INVAGINATION,1.4214300500000001,0.11801242,0.29903114
GOBP_SYNAPTIC_MEMBRANE_ADHESION,1.4213312,0.10707071,0.3251229
GOBP_ASTROCYTE_DIFFERENTIATION,1.4212083,0.1183432,0.3239539
GOBP_MOLTING_CYCLE_PROCESS,1.42114845,0.29571983,0.46184194
GOBP_CELLULAR_RESPONSE_TO_INSULIN_STIMULUS,1.4209745,0.40612245,0.6301319
GOBP_REGULATION_OF_P38MAPK_CASCADE,1.4209703,0.35957447,0.59855646
GOBP_HINDLIMB_MORPHOGENESIS,1.42001385,0.3647541,0.51237833
GOBP_ESTABLISHMENT_OF_EPITHELIAL_CELL_POLARITY,1.419420825,0.59574467,0.76776147
GOBP_ADENYLATE_CYCLASE_INHIBITING_G_PROTEIN_COUPLED_RECEPTOR_SIGNALING_PATHWAY,1.41797945,0.114164904,0.31843558
GOBP_NEURONAL_ACTION_POTENTIAL,1.4176313999999999,0.137577,0.38456985
GOBP_RHYTHMIC_BEHAVIOR,1.4162379500000002,0.2730845,0.43627995
GOBP_EMBRYONIC_SKELETAL_SYSTEM_DEVELOPMENT,1.4151326,0.8348214,0.87474453
GOBP_APPENDAGE_DEVELOPMENT,1.414905,0.13569938,0.37245676
GOBP_FORMATION_OF_PRIMARY_GERM_LAYER,1.41310335,0.115384616,0.37798616
GOBP_WHITE_FAT_CELL_DIFFERENTIATION,1.4130684,0.1610338,0.2883357
GOBP_MESENCHYMAL_TO_EPITHELIAL_TRANSITION,1.4117343999999998,0.10504202,0.33107767
GOBP_NUCLEAR_TRANSCRIBED_MRNA_CATABOLIC_PROCESS_DEADENYLATION_DEPENDENT_DECAY,1.41119035,0.1509804,0.40407246
GOBP_MONOAMINE_TRANSPORT,1.4110608500000001,0.14486921,0.3960923
GOBP_REGULATION_OF_STEM_CELL_DIFFERENTIATION,1.4107113500000001,0.099609375,0.33516717
GOBP_EYE_PHOTORECEPTOR_CELL_DIFFERENTIATION,1.4095239,0.34274194,0.60420364
GOBP_POSITIVE_REGULATION_OF_DENDRITIC_SPINE_DEVELOPMENT,1.40913645,0.22,0.358489
GOBP_REGULATION_OF_HEMATOPOIETIC_STEM_CELL_DIFFERENTIATION,1.4076965,0.23781677,0.48619032
GOBP_FOCAL_ADHESION_ASSEMBLY,1.4073772,0.18775511,0.350032
GOBP_PEROXISOMAL_TRANSPORT,1.4060251,0.17979798,0.4456379
GOBP_CEREBELLAR_CORTEX_MORPHOGENESIS,1.40353278,0.72837025,0.85731983
GOBP_MOLTING_CYCLE,1.40199295,0.35062242,0.49436945
GOBP_NEPHRIC_DUCT_DEVELOPMENT,1.4018272,0.19960475,0.3465502
GOBP_AMINE_TRANSPORT,1.4005744,0.314346,0.5791108
GOBP_ARTERY_MORPHOGENESIS,1.40015665,0.2683438,0.5409124
GOBP_NEUROBLAST_PROLIFERATION,1.39962405,0.2038835,0.4400793
GOBP_REGULATION_OF_CELLULAR_RESPONSE_TO_VASCULAR_ENDOTHELIAL_GROWTH_FACTOR_STIMULUS,1.39896435,0.2264151,0.34292802
GOBP_NEGATIVE_REGULATION_OF_CELLULAR_RESPONSE_TO_GROWTH_FACTOR_STIMULUS,1.3988089,0.3460722,0.5810138
GOBP_POSITIVE_REGULATION_OF_BIOMINERAL_TISSUE_DEVELOPMENT,1.3961236000000001,0.85132384,0.93335783
GOBP_HORMONE_BIOSYNTHETIC_PROCESS,1.39515605,0.10878661,0.36552185
GOBP_SEGMENTATION,1.3944663,0.348643,0.5987444
GOBP_ESTABLISHMENT_OF_SKIN_BARRIER,1.3943634999999999,0.477842,0.62109476
GOBP_HEART_VALVE_DEVELOPMENT,1.39431635,0.24032587,0.4099262
GOBP_REGULATION_OF_CARTILAGE_DEVELOPMENT,1.39388428,0.48771265,0.62621534
GOBP_NEGATIVE_REGULATION_OF_CANONICAL_WNT_SIGNALING_PATHWAY,1.3931536,0.37181997,0.62273216
GOBP_APPENDAGE_MORPHOGENESIS,1.3928357,0.14716981,0.3148555
GOBP_REGULATION_OF_MICROTUBULE_BASED_MOVEMENT,1.3927594,0.6979592,0.7867611
GOBP_REGULATION_OF_COAGULATION,1.392453,0.28247422,0.55781084
GOBP_REGULATION_OF_ANOIKIS,1.3920062500000001,0.40082645,0.63035977
GOBP_NEGATIVE_REGULATION_OF_CELL_MATRIX_ADHESION,1.38710515,0.24744377,0.3888686
GOBP_ATRIAL_SEPTUM_DEVELOPMENT,1.38641215,0.36520076,0.4992855
GOBP_LENS_FIBER_CELL_DIFFERENTIATION,1.38335835,0.5229167,0.6419572
GOBP_LAMELLIPODIUM_MORPHOGENESIS,1.38180595,0.19793814,0.3404201
GOBP_MRNA_TRANSCRIPTION,1.38154095,0.2430279,0.4897355
GOBP_OVARIAN_FOLLICLE_DEVELOPMENT,1.38151447,0.52277225,0.6393543
GOBP_NEGATIVE_REGULATION_OF_ACTIVIN_RECEPTOR_SIGNALING_PATHWAY,1.3810745500000001,0.20362903,0.36748642
GOBP_LONG_TERM_SYNAPTIC_POTENTIATION,1.3806066000000001,0.1595092,0.41913188
GOBP_REGULATION_OF_REGULATED_SECRETORY_PATHWAY,1.3802834000000002,0.28601694,0.5379277
GOBP_REGULATION_OF_HORMONE_METABOLIC_PROCESS,1.3790567,0.14784394,0.40505922
GOBP_REGULATION_OF_CELL_SUBSTRATE_JUNCTION_ORGANIZATION,1.3790257,0.16432866,0.42394
GOBP_REGULATION_OF_TRANSMISSION_OF_NERVE_IMPULSE,1.37878445,0.21001926,0.37761366
GOBP_NEUROINFLAMMATORY_RESPONSE,1.37783408,0.5730769,0.6902991
GOBP_SEMAPHORIN_PLEXIN_SIGNALING_PATHWAY,1.3772114,0.5885827,0.7770817
GOBP_REGULATION_OF_INCLUSION_BODY_ASSEMBLY,1.37519875,0.16179337,0.4187029
GOBP_BONE_GROWTH,1.3750339,0.17159763,0.34547588
GOBP_REGULATION_OF_CELL_SUBSTRATE_ADHESION,1.3744351,0.36746988,0.6156988
GOBP_POSITIVE_REGULATION_OF_SMAD_PROTEIN_SIGNAL_TRANSDUCTION,1.3740934,0.36960986,0.5202091
GOBP_POSITIVE_REGULATION_OF_OSSIFICATION,1.370920965,0.4428858,0.685976
GOBP_DOPAMINE_TRANSPORT,1.3705076,0.17813765,0.32061464
GOBP_NEURON_FATE_SPECIFICATION,1.3701880000000002,0.23430963,0.40157717
GOBP_OVULATION,1.37010365,0.22033899,0.36824766
GOBP_REGULATION_OF_MEIOTIC_NUCLEAR_DIVISION,1.3693389,0.30859375,0.47157457
GOBP_NEGATIVE_REGULATION_OF_HORMONE_SECRETION,1.3691888,0.6542443,0.8106785
GOBP_MESODERM_DEVELOPMENT,1.36899145,0.12240664,0.35665873
GOBP_NEGATIVE_REGULATION_OF_KERATINOCYTE_PROLIFERATION,1.36880965,0.33669356,0.5906208
GOBP_PLATELET_DERIVED_GROWTH_FACTOR_RECEPTOR_SIGNALING_PATHWAY,1.36826822,0.7345679,0.85680854
GOBP_HOMOLOGOUS_CHROMOSOME_SEGREGATION,1.368016,0.5962264,0.7008276
GOBP_RESPONSE_TO_FIBROBLAST_GROWTH_FACTOR,1.36731875,0.276,0.5582144
GOBP_EMBRYONIC_PLACENTA_MORPHOGENESIS,1.3668419,0.67628866,0.8357157
GOBP_REGULATION_OF_FIBROBLAST_GROWTH_FACTOR_RECEPTOR_SIGNALING_PATHWAY,1.36616805,0.5107296,0.70834184
GOBP_POSITIVE_REGULATION_OF_NEUROBLAST_PROLIFERATION,1.36546965,0.39961013,0.6476519
GOBP_REGULATION_OF_CELLULAR_RESPONSE_TO_INSULIN_STIMULUS,1.36528965,0.31556502,0.57641816
GOBP_CELL_DIFFERENTIATION_INVOLVED_IN_METANEPHROS_DEVELOPMENT,1.36297665,0.26785713,0.50914216
GOBP_ANTIGEN_PROCESSING_AND_PRESENTATION_OF_PEPTIDE_ANTIGEN,1.36255172,0.7315175,0.8691855
GOBP_TYPE_B_PANCREATIC_CELL_DEVELOPMENT,1.36250395,0.13609467,0.33635956
GOBP_NOREPINEPHRINE_TRANSPORT,1.362178,0.21637426,0.46202043
GOBP_ENDOCHONDRAL_BONE_MORPHOGENESIS,1.36202705,0.26008064,0.5395687
GOBP_POSITIVE_REGULATION_OF_PEPTIDYL_TYROSINE_PHOSPHORYLATION,1.3612544,0.57349896,0.7646897
GOBP_REGULATION_OF_CARDIOCYTE_DIFFERENTIATION,1.3582717,0.13821138,0.36087346
GOBP_POSITIVE_REGULATION_OF_SYNAPSE_ASSEMBLY,1.3574746,0.15811089,0.3287066
GOBP_MULTICELLULAR_ORGANISMAL_LEVEL_IRON_ION_HOMEOSTASIS,1.356147,0.14314115,0.3366425
GOBP_CRANIAL_NERVE_MORPHOGENESIS,1.3543166,0.82600385,0.9156611
GOBP_MITOCHONDRION_DISTRIBUTION,1.35413445,0.1437247,0.3558965
GOBP_CELL_FATE_DETERMINATION,1.3535696499999998,0.47276264,0.67991734
GOBP_POSITIVE_REGULATION_OF_NEURAL_PRECURSOR_CELL_PROLIFERATION,1.3511904750000001,0.43762377,0.66385597
GOBP_CELL_PROLIFERATION_INVOLVED_IN_KIDNEY_DEVELOPMENT,1.34649675,0.37166324,0.6162118
GOBP_VENOUS_BLOOD_VESSEL_DEVELOPMENT,1.3463408000000001,0.16,0.4050767
GOBP_REGULATION_OF_HORMONE_BIOSYNTHETIC_PROCESS,1.3458602000000002,0.3164557,0.59628975
GOBP_INHIBITORY_SYNAPSE_ASSEMBLY,1.34574675,0.16875,0.43487766
GOBP_POSITIVE_REGULATION_OF_REPRODUCTIVE_PROCESS,1.34327035,0.29577464,0.46614173
GOBP_NEGATIVE_REGULATION_OF_PROTEIN_MATURATION,1.33881315,0.38430583,0.6317032
GOBP_REGULATION_OF_KERATINOCYTE_DIFFERENTIATION,1.33849345,0.13872832,0.38223055
GOBP_REGULATION_OF_CIRCADIAN_RHYTHM,1.33837915,0.22406639,0.3821477
GOBP_VASCULAR_ENDOTHELIAL_CELL_PROLIFERATION,1.33828425,0.18945312,0.44738728
GOBP_REGULATION_OF_STEM_CELL_PROLIFERATION,1.3381096000000001,0.17348927,0.35319966
GOBP_NITRIC_OXIDE_MEDIATED_SIGNAL_TRANSDUCTION,1.33667753,0.48638132,0.7019368
GOBP_HIPPOCAMPUS_DEVELOPMENT,1.3356999,0.42994243,0.6553239
GOBP_RESPONSE_TO_NICOTINE,1.33561775,0.16306484,0.41233552
GOBP_PEROXISOME_PROLIFERATOR_ACTIVATED_RECEPTOR_SIGNALING_PATHWAY,1.33541755,0.3026585,0.5669543
GOBP_REGULATION_OF_OSSIFICATION,1.33395428,0.50530785,0.7097925
GOBP_MORPHOGENESIS_OF_AN_EPITHELIAL_SHEET,1.33373637,0.47095436,0.66724074
GOBP_CARTILAGE_CONDENSATION,1.33203825,0.1936842,0.44646952
GOBP_NEURON_PROJECTION_EXTENSION_INVOLVED_IN_NEURON_PROJECTION_GUIDANCE,1.33151655,0.31007752,0.5829322
GOBP_REGULATION_OF_VASOCONSTRICTION,1.3307402499999998,0.2763713,0.5335673
GOBP_SIGNAL_TRANSDUCTION_INVOLVED_IN_REGULATION_OF_GENE_EXPRESSION,1.3304493000000002,0.19135803,0.4622671
GOBP_NEGATIVE_REGULATION_OF_NEURON_PROJECTION_DEVELOPMENT,1.32969925,0.6621094,0.81707066
GOBP_ENDOPLASMIC_RETICULUM_TUBULAR_NETWORK_ORGANIZATION,1.3293943,0.19361277,0.360054
GOBP_MESENCHYMAL_CELL_MIGRATION,1.329101,0.18105263,0.4166667
GOBP_HOMOLOGOUS_CHROMOSOME_PAIRING_AT_MEIOSIS,1.32779551,0.9921875,0.9944561
GOBP_RESPONSE_TO_LIGHT_STIMULUS,1.32715545,0.35365853,0.60899943
GOBP_REGULATION_OF_NEUROBLAST_PROLIFERATION,1.32488205,0.17669173,0.3663606
GOBP_ESTABLISHMENT_OF_PROTEIN_LOCALIZATION_TO_PEROXISOME,1.3237117,0.21980198,0.46685284
GOBP_LAMELLIPODIUM_ASSEMBLY,1.32256995,0.39883268,0.6535146
GOBP_POSITIVE_REGULATION_OF_BONE_MINERALIZATION,1.32217627,0.95010394,0.97777927
GOBP_NEGATIVE_REGULATION_OF_SMOOTH_MUSCLE_CELL_PROLIFERATION,1.3213278,0.29341316,0.46092358
GOBP_EPITHELIAL_CELL_CELL_ADHESION,1.32077985,0.26095617,0.43676853
GOBP_RENAL_SYSTEM_VASCULATURE_DEVELOPMENT,1.3202195,0.7269076,0.86712193
GOBP_PROGRAMMED_CELL_DEATH_INVOLVED_IN_CELL_DEVELOPMENT,1.3199955,0.19626169,0.44606593
GOBP_REGULATION_OF_POSTSYNAPTIC_SPECIALIZATION_ASSEMBLY,1.3193907,0.38626608,0.54352325
GOBP_CELL_SUBSTRATE_JUNCTION_ORGANIZATION,1.3191821,0.15851273,0.38199344
GOBP_MALE_SEX_DIFFERENTIATION,1.3189028500000002,0.26833978,0.43657765
GOBP_SEMINIFEROUS_TUBULE_DEVELOPMENT,1.3158986000000001,0.39607844,0.62674505
GOBP_SIGNALING_RECEPTOR_LIGAND_PRECURSOR_PROCESSING,1.31507605,0.23284823,0.48338068
GOBP_HEART_VALVE_MORPHOGENESIS,1.31422575,0.3528265,0.5023199
GOBP_MAINTENANCE_OF_BLOOD_BRAIN_BARRIER,1.31065785,0.50403225,0.7027995
GOBP_BLASTOCYST_FORMATION,1.3084915499999998,0.38133875,0.6158297
GOBP_DENDRITIC_SPINE_DEVELOPMENT,1.30836753,0.5418327,0.73682016
GOBP_CELL_PROLIFERATION_IN_FOREBRAIN,1.30830095,0.31547618,0.47148734
GOBP_PROTEIN_MONOUBIQUITINATION,1.3080063499999999,0.19678715,0.45032883
GOBP_MALE_GENITALIA_DEVELOPMENT,1.3069255,0.73619634,0.8060379
GOBP_POSITIVE_REGULATION_OF_SYNAPTIC_VESICLE_FUSION_TO_PRESYNAPTIC_ACTIVE_ZONE_MEMBRANE,1.30598655,0.34920636,0.6059911
GOBP_ADRENAL_GLAND_DEVELOPMENT,1.305958,0.2016129,0.44780663
GOBP_DEVELOPMENTAL_CELL_GROWTH,1.30557502,0.6634981,0.74473375
GOBP_POSITIVE_REGULATION_OF_ENDOTHELIAL_CELL_MIGRATION,1.3025674500000002,0.95884776,0.9780999
GOBP_EXTRACELLULAR_MATRIX_ASSEMBLY,1.30230115,0.16232465,0.40432838
GOBP_TONGUE_DEVELOPMENT,1.3000429,0.20328543,0.44846424
GOBP_NEGATIVE_REGULATION_OF_CELL_SUBSTRATE_JUNCTION_ORGANIZATION,1.2993157499999999,0.272541,0.4349135
GOBP_REGULATION_OF_AXONOGENESIS,1.29929445,0.41532257,0.6425354
GOBP_LOCOMOTORY_EXPLORATION_BEHAVIOR,1.2990533499999999,0.19502075,0.3836141
GOBP_MAINTENANCE_OF_CELL_NUMBER,1.29829785,0.3963039,0.62851816
GOBP_EMBRYONIC_APPENDAGE_MORPHOGENESIS,1.29724605,0.26,0.53511333
GOBP_POSTSYNAPTIC_DENSITY_ORGANIZATION,1.295021,0.25210086,0.4093824
GOBP_REGULATION_OF_STEROID_BIOSYNTHETIC_PROCESS,1.2949978,0.45173746,0.58986604
GOBP_INTRACELLULAR_MRNA_LOCALIZATION,1.29489595,0.39019608,0.51284546
GOBP_NEGATIVE_REGULATION_OF_BMP_SIGNALING_PATHWAY,1.2930617500000001,0.34774438,0.51019704
GOBP_CARDIAC_ATRIUM_MORPHOGENESIS,1.2925585000000002,0.30184805,0.46428603
GOBP_REGULATION_OF_CELLULAR_RESPONSE_TO_TRANSFORMING_GROWTH_FACTOR_BETA_STIMULUS,1.29235865,0.19315895,0.38062748
GOBP_REGULATION_OF_MONOCYTE_CHEMOTAXIS,1.2916833,0.21912351,0.47556263
GOBP_AXONAL_FASCICULATION,1.2902686,0.25192308,0.40528166
GOBP_RETINA_LAYER_FORMATION,1.29007935,0.6732673,0.78067786
GOBP_SOMITE_DEVELOPMENT,1.28929035,0.4722222,0.7011242
GOBP_NEGATIVE_REGULATION_OF_CELLULAR_SENESCENCE,1.2889153,0.32172132,0.484364
GOBP_REGULATION_OF_CATECHOLAMINE_SECRETION,1.288366535,0.6097561,0.7652144
GOBP_NEGATIVE_REGULATION_OF_STEM_CELL_DIFFERENTIATION,1.2877097499999999,0.2248062,0.48646325
GOBP_REGULATION_OF_CHONDROCYTE_DIFFERENTIATION,1.2876766,0.53625953,0.65801626
GOBP_NEGATIVE_REGULATION_OF_CELL_PROJECTION_ORGANIZATION,1.2865326,0.7852632,0.8830988
GOBP_ARF_PROTEIN_SIGNAL_TRANSDUCTION,1.286442615,0.48349515,0.70021003
GOBP_HEPARAN_SULFATE_PROTEOGLYCAN_BIOSYNTHETIC_PROCESS,1.28625855,0.21146245,0.38503686
GOBP_REGULATION_OF_CIRCADIAN_SLEEP_WAKE_CYCLE,1.2856988500000002,0.26666668,0.436327
GOBP_REGULATION_OF_MESENCHYMAL_CELL_PROLIFERATION,1.28495105,0.39539748,0.5415123
GOBP_STEM_CELL_DEVELOPMENT,1.28435385,0.43052837,0.5806829
GOBP_REGULATION_OF_SYNCYTIUM_FORMATION_BY_PLASMA_MEMBRANE_FUSION,1.28388735,0.48249027,0.7220664
GOBP_POSITIVE_REGULATION_OF_CALCIUM_ION_DEPENDENT_EXOCYTOSIS,1.2836306,0.58158994,0.76399463
GOBP_NEGATIVE_REGULATION_OF_INTRACELLULAR_STEROID_HORMONE_RECEPTOR_SIGNALING_PATHWAY,1.2813187,0.6200378,0.79872066
GOBP_REGULATION_OF_GLUTAMATE_SECRETION,1.280475,0.57894737,0.69496346
GOBP_CRANIOFACIAL_SUTURE_MORPHOGENESIS,1.2797258,0.888668,0.9138849
GOBP_POSITIVE_REGULATION_OF_D_GLUCOSE_IMPORT,1.2796458,0.19628099,0.46312663
GOBP_PROTEIN_HYDROXYLATION,1.2793329,0.28830644,0.5399473
GOBP_POSITIVE_REGULATION_OF_D_GLUCOSE_TRANSMEMBRANE_TRANSPORT,1.2781816,0.37195122,0.5186833
GOBP_REGULATION_OF_HEART_RATE_BY_CARDIAC_CONDUCTION,1.2776165499999999,0.24444444,0.40507895
GOBP_AORTA_DEVELOPMENT,1.2769285,0.7871094,0.88540035
GOBP_EMBRYONIC_SKELETAL_SYSTEM_MORPHOGENESIS,1.2763311499999999,0.6215686,0.7249543
GOBP_P38MAPK_CASCADE,1.27631862,0.47035572,0.7020173
GOBP_BONE_MORPHOGENESIS,1.2761382000000001,0.18825911,0.45843968
GOBP_MALE_MEIOTIC_NUCLEAR_DIVISION,1.270626775,0.4296875,0.6802632
GOBP_PROTEIN_LOCALIZATION_TO_CELL_SURFACE,1.2680715999999999,0.366,0.6160938
GOBP_TYROSINE_PHOSPHORYLATION_OF_STAT_PROTEIN,1.2669993,0.21073559,0.48164025
GOBP_REGULATION_OF_PEPTIDYL_TYROSINE_PHOSPHORYLATION,1.26630168,0.62857145,0.8114087
GOBP_POSITIVE_REGULATION_OF_FAT_CELL_DIFFERENTIATION,1.2656174,0.53814435,0.729603
GOBP_NEGATIVE_REGULATION_OF_ENDOTHELIAL_CELL_MIGRATION,1.2618288,0.59183675,0.7643667
GOBP_DOPAMINERGIC_NEURON_DIFFERENTIATION,1.26068615,0.19311664,0.46296036
GOBP_REGULATION_OF_EXTRINSIC_APOPTOTIC_SIGNALING_PATHWAY_IN_ABSENCE_OF_LIGAND,1.2603598,0.47969052,0.7024824
GOBP_AORTIC_VALVE_MORPHOGENESIS,1.25953855,0.24177949,0.4029887
GOBP_REGULATION_OF_COLLAGEN_METABOLIC_PROCESS,1.25867035,0.25858587,0.4047653
GOBP_GLIAL_CELL_ACTIVATION,1.2584108,0.6792079,0.77894217
GOBP_EATING_BEHAVIOR,1.256845115,0.5070422,0.6391023
GOBP_EYE_PHOTORECEPTOR_CELL_DEVELOPMENT,1.2561369,0.29327902,0.5639302
GOBP_MACROPHAGE_CYTOKINE_PRODUCTION,1.2559698,0.45,0.56846416
GOBP_POSITIVE_REGULATION_OF_CALCIUM_MEDIATED_SIGNALING,1.25453375,0.29149798,0.43602908
GOBP_HEART_TRABECULA_MORPHOGENESIS,1.25402365,0.96579474,0.9861389
GOBP_CORONARY_VASCULATURE_DEVELOPMENT,1.2533508,0.4302554,0.64744705
GOBP_HEAD_MORPHOGENESIS,1.25289692,0.4940476,0.7029287
GOBP_NEURON_APOPTOTIC_PROCESS,1.2504875,0.38742393,0.6314737
GOBP_ENDOCRINE_PANCREAS_DEVELOPMENT,1.24956487,0.51866406,0.7087489
GOBP_TYPE_B_PANCREATIC_CELL_PROLIFERATION,1.2473264,0.38932806,0.6310082
GOBP_REGULATION_OF_CARDIAC_MUSCLE_CELL_PROLIFERATION,1.2470846500000001,0.35742188,0.5132047
GOBP_APOPTOTIC_DNA_FRAGMENTATION,1.24580788,0.6218324,0.7985216
GOBP_CELLULAR_RESPONSE_TO_LEPTIN_STIMULUS,1.245524875,0.5233645,0.65699095
GOBP_STEM_CELL_PROLIFERATION,1.24449165,0.25889328,0.48950937
GOBP_STRESS_GRANULE_ASSEMBLY,1.2443449,0.276,0.5330371
GOBP_REGULATION_OF_SYNAPSE_MATURATION,1.2427918500000001,0.7034068,0.85235405
GOBP_SURFACTANT_HOMEOSTASIS,1.2425690500000002,0.2780083,0.4620622
GOBP_POSITIVE_REGULATION_OF_CELL_DEVELOPMENT,1.24252065,0.23868313,0.49785712
GOBP_HORMONE_MEDIATED_SIGNALING_PATHWAY,1.2419408,0.33195877,0.5959889
GOBP_EMBRYONIC_AXIS_SPECIFICATION,1.2416702000000002,0.43353784,0.6589312
GOBP_MEIOTIC_CELL_CYCLE,1.24087845,0.3044355,0.44869304
GOBP_REGULATION_OF_DENDRITIC_SPINE_MORPHOGENESIS,1.2394614000000002,0.32364342,0.50228226
GOBP_LUNG_CELL_DIFFERENTIATION,1.2394129999999999,0.32681018,0.48262
GOBP_CARDIAC_VENTRICLE_DEVELOPMENT,1.2388050499999999,0.61220473,0.7765938
GOBP_COLLAGEN_ACTIVATED_SIGNALING_PATHWAY,1.238168465,0.86811024,0.9395681
GOBP_CATECHOLAMINE_SECRETION,1.2378314499999998,0.81359226,0.9246147
GOBP_REGULATION_OF_EXTENT_OF_CELL_GROWTH,1.2376124499999999,0.41291586,0.6438128
GOBP_GENITALIA_DEVELOPMENT,1.23691735,0.9364162,0.9600422
GOBP_SKELETAL_MUSCLE_SATELLITE_CELL_PROLIFERATION,1.23553508,0.58483034,0.76425743
GOBP_RESPONSE_TO_IONIZING_RADIATION,1.23271875,0.36192468,0.5187236
GOBP_NEUROTROPHIN_SIGNALING_PATHWAY,1.2311597,0.42008197,0.55316556
GOBP_REGULATION_OF_AXON_EXTENSION_INVOLVED_IN_AXON_GUIDANCE,1.2309078,0.481409,0.68881255
GOBP_RESPONSE_TO_FATTY_ACID,1.2293322,0.3529412,0.60441494
GOBP_RETROGRADE_AXONAL_TRANSPORT,1.22896975,0.63114756,0.81569445
GOBP_REGULATION_OF_TUBE_SIZE,1.22867845,0.39679357,0.6315622
GOBP_G_PROTEIN_COUPLED_DOPAMINE_RECEPTOR_SIGNALING_PATHWAY,1.2269088,0.41295546,0.6446498
GOBP_NUCLEOLUS_ORGANIZATION,1.2268798,0.34136546,0.49298674
GOBP_MEMBRANE_DEPOLARIZATION_DURING_ACTION_POTENTIAL,1.226005,0.43958333,0.65833986
GOBP_NEGATIVE_REGULATION_OF_NEURON_APOPTOTIC_PROCESS,1.22517325,0.38264298,0.5161019
GOBP_REGULATION_OF_CELLULAR_SENESCENCE,1.22488515,0.25925925,0.49988952
GOBP_CENTRAL_NERVOUS_SYSTEM_PROJECTION_NEURON_AXONOGENESIS,1.2244304,0.4509018,0.59916604
GOBP_ASTROCYTE_DEVELOPMENT,1.224215,0.25831702,0.4355823
GOBP_MEIOTIC_CELL_CYCLE_PROCESS,1.2222762500000002,0.428,0.5748594
GOBP_GLANDULAR_EPITHELIAL_CELL_DIFFERENTIATION,1.2221327499999999,0.7392197,0.865098
GOBP_RESPONSE_TO_INSULIN,1.221936725,0.98214287,0.9922937
GOBP_TISSUE_REMODELING,1.2213622000000002,0.2990099,0.45090696
GOBP_SMOOTH_MUSCLE_CELL_MIGRATION,1.22004855,0.7315175,0.8159037
GOBP_RESPONSE_TO_MONOAMINE,1.219755085,0.45825243,0.6890983
GOBP_REGULATORY_NCRNA_MEDIATED_GENE_SILENCING,1.21867735,0.3011811,0.45067745
GOBP_VENTRICULAR_SEPTUM_DEVELOPMENT,1.2184650000000001,0.3458498,0.622494
GOBP_SKELETAL_MUSCLE_CELL_PROLIFERATION,1.21640905,0.8990099,0.9499264
GOBP_CARBOHYDRATE_HOMEOSTASIS,1.213260225,0.66530615,0.8186261
GOBP_ESTABLISHMENT_OF_EPITHELIAL_CELL_APICAL_BASAL_POLARITY,1.2125183499999999,0.3238289,0.46565616
GOBP_REGULATION_OF_RECEPTOR_INTERNALIZATION,1.2109934,0.53816044,0.6746882
GOBP_CARTILAGE_DEVELOPMENT_INVOLVED_IN_ENDOCHONDRAL_BONE_MORPHOGENESIS,1.21054855,0.21205822,0.4832291
GOBP_MESODERM_MORPHOGENESIS,1.210096,0.3707415,0.63196015
GOBP_REGULATION_OF_KERATINOCYTE_PROLIFERATION,1.20927115,0.3102767,0.47383267
GOBP_REGULATION_OF_MYOBLAST_PROLIFERATION,1.20834165,0.3181818,0.46180776
GOBP_LENS_MORPHOGENESIS_IN_CAMERA_TYPE_EYE,1.20798673,0.4576613,0.58097416
GOBP_MEMORY,1.20725395,0.37065637,0.6197276
GOBP_MOTOR_NEURON_AXON_GUIDANCE,1.2066172,0.2509804,0.5106926
GOBP_POSITIVE_REGULATION_OF_VASCULAR_ENDOTHELIAL_CELL_PROLIFERATION,1.2065557500000001,0.2402464,0.49757546
GOBP_NEGATIVE_REGULATION_OF_SIGNAL_TRANSDUCTION_IN_ABSENCE_OF_LIGAND,1.206176125,0.882,0.9357847
GOBP_ACTIVATION_OF_PROTEIN_KINASE_ACTIVITY,1.2035958500000001,0.39042357,0.53201383
GOBP_POSITIVE_REGULATION_OF_MACROPHAGE_CYTOKINE_PRODUCTION,1.2029151,0.7367347,0.8016522
GOBP_PRIMARY_MIRNA_PROCESSING,1.201099825,0.71428573,0.85083604
GOBP_NEGATIVE_REGULATION_OF_D_GLUCOSE_TRANSMEMBRANE_TRANSPORT,1.2009500499999999,0.36272544,0.60398126
GOBP_REGULATION_OF_MULTICELLULAR_ORGANISM_GROWTH,1.20034315,0.33069307,0.5826137
GOBP_POSTSYNAPTIC_ACTIN_CYTOSKELETON_ORGANIZATION,1.2001135500000002,0.27852997,0.44349986
GOBP_ASSOCIATIVE_LEARNING,1.19954015,0.30252102,0.5579772
GOBP_GLAND_DEVELOPMENT,1.199493075,0.5609756,0.66786563
GOBP_MULTICELLULAR_ORGANISMAL_LEVEL_CHEMICAL_HOMEOSTASIS,1.19947125,0.33527133,0.616453
GOBP_NEGATIVE_REGULATION_OF_FIBROBLAST_GROWTH_FACTOR_RECEPTOR_SIGNALING_PATHWAY,1.1994660000000001,0.3029703,0.5671163
GOBP_SEX_DETERMINATION,1.19733275,0.47826087,0.60218096
GOBP_PROTEOGLYCAN_BIOSYNTHETIC_PROCESS,1.1971088,0.4259635,0.6547994
GOBP_STEROID_HORMONE_BIOSYNTHETIC_PROCESS,1.19617835,0.2424812,0.4821109
GOBP_KERATINOCYTE_PROLIFERATION,1.19580625,0.2734694,0.46906447
GOBP_MIRNA_METABOLIC_PROCESS,1.1949561,0.43655914,0.5677291
GOBP_ACTIVIN_RECEPTOR_SIGNALING_PATHWAY,1.1948340499999999,0.2264151,0.49526745
GOBP_EXCITATORY_SYNAPSE_ASSEMBLY,1.1947972,0.23991935,0.51112545
GOBP_PEPTIDYL_SERINE_MODIFICATION,1.1947349250000001,0.61087865,0.78270227
GOBP_NEGATIVE_REGULATION_OF_NERVOUS_SYSTEM_DEVELOPMENT,1.19321215,0.5923077,0.7931723
GOBP_REGULATION_OF_CARDIAC_MUSCLE_CELL_DIFFERENTIATION,1.1918755,0.34661356,0.60297006
GOBP_NEGATIVE_REGULATION_OF_MAP_KINASE_ACTIVITY,1.19159745,0.38047808,0.6292233
GOBP_REGULATION_OF_POSTSYNAPTIC_DENSITY_ASSEMBLY,1.1896913,0.44467214,0.572423
GOBP_ANTIGEN_PROCESSING_AND_PRESENTATION_OF_EXOGENOUS_PEPTIDE_ANTIGEN,1.18927298,0.73185486,0.8513418
GOBP_DETECTION_OF_MECHANICAL_STIMULUS_INVOLVED_IN_SENSORY_PERCEPTION,1.1886198499999998,0.27070707,0.4832118
GOBP_SCHWANN_CELL_DIFFERENTIATION,1.18844545,0.8910891,0.9392062
GOBP_REGULATION_OF_SPINDLE_ORGANIZATION,1.18714132,0.5587121,0.7511049
GOBP_NEGATIVE_REGULATION_OF_SMOOTH_MUSCLE_CELL_MIGRATION,1.1869078499999999,0.4168421,0.5612078
GOBP_REGULATION_OF_PROTEIN_BINDING,1.185832225,0.8533605,0.92240655
GOBP_ESTABLISHMENT_OF_MITOCHONDRION_LOCALIZATION_MICROTUBULE_MEDIATED,1.1842858,0.742126,0.8708767
GOBP_REGULATION_OF_DOPAMINE_SECRETION,1.1840458,0.37627813,0.5211314
GOBP_NEGATIVE_REGULATION_OF_TRANSFORMING_GROWTH_FACTOR_BETA_RECEPTOR_SIGNALING_PATHWAY,1.1827505,0.3426295,0.5957728
GOBP_FACE_DEVELOPMENT,1.182499725,0.7939394,0.88570744
GOBP_REGULATION_OF_GRANULOCYTE_DIFFERENTIATION,1.18158915,0.48502994,0.615156
GOBP_POSITIVE_REGULATION_OF_P38MAPK_CASCADE,1.1811837500000002,0.2400835,0.5053213
GOBP_POSITIVE_REGULATION_OF_MEIOTIC_CELL_CYCLE,1.18102617,0.6850716,0.7663991
GOBP_MORPHOGENESIS_OF_AN_EPITHELIAL_BUD,1.18051707,0.86732674,0.9023224
GOBP_POSITIVE_REGULATION_OF_RECEPTOR_MEDIATED_ENDOCYTOSIS,1.1797835,0.33142856,0.49319538
GOBP_CELL_AGGREGATION,1.17955725,0.42405063,0.6554428
GOBP_NEGATIVE_ADAPTATION_OF_SIGNALING_PATHWAY,1.17899598,0.86821705,0.9244871
GOBP_RESPONSE_TO_TRANSFORMING_GROWTH_FACTOR_BETA,1.1785932,0.34560326,0.5981438
GOBP_REGULATION_OF_NUCLEOBASE_CONTAINING_COMPOUND_TRANSPORT,1.1785421999999999,0.375969,0.60781896
GOBP_MYOBLAST_PROLIFERATION,1.17812695,0.41366223,0.5633024
GOBP_LEUKOCYTE_ACTIVATION_INVOLVED_IN_INFLAMMATORY_RESPONSE,1.17716515,0.51696604,0.65688545
GOBP_ESTABLISHMENT_OR_MAINTENANCE_OF_MONOPOLAR_CELL_POLARITY,1.1756445,0.39138943,0.6252493
GOBP_CELL_FATE_COMMITMENT,1.1750853,0.42857143,0.54926515
GOBP_REGULATION_OF_EXOCYTOSIS,1.1748683500000001,0.4989858,0.7023846
GOBP_PROTEIN_REFOLDING,1.17358215,0.65909094,0.8167282
GOBP_COLLAGEN_METABOLIC_PROCESS,1.17341768,0.71398306,0.8497441
GOBP_ADULT_BEHAVIOR,1.1732816499999998,0.38054967,0.5216493
GOBP_RESPONSE_TO_PEPTIDE_HORMONE,1.17320917,0.6031746,0.7644585
GOBP_REGULATION_OF_SPINDLE_ASSEMBLY,1.172672815,0.49407116,0.70138836
GOBP_ENDODERM_FORMATION,1.1716391000000002,0.37037036,0.52417654
GOBP_RESPONSE_TO_ETHANOL,1.17122335,0.38955823,0.541411
GOBP_MATING_BEHAVIOR,1.1702637,0.35080644,0.49370527
GOBP_VOCALIZATION_BEHAVIOR,1.1683447,0.2549801,0.5029761
GOBP_GLAND_MORPHOGENESIS,1.16512665,0.55145633,0.74908507
GOBP_MICROTUBULE_ORGANIZING_CENTER_LOCALIZATION,1.1641854500000002,0.73031497,0.86466485
GOBP_OLFACTORY_LOBE_DEVELOPMENT,1.16417385,0.32539684,0.47569475
GOBP_POSTSYNAPTIC_SPECIALIZATION_ASSEMBLY,1.16340445,0.6660118,0.7745007
GOBP_BLASTODERM_SEGMENTATION,1.16305075,0.3210634,0.5965557
GOBP_POSITIVE_REGULATION_OF_MONOCYTE_CHEMOTAXIS,1.16296555,0.37815127,0.6225681
GOBP_GLUTAMATERGIC_NEURON_DIFFERENTIATION,1.16047905,0.6146045,0.79963595
GOBP_POSITIVE_REGULATION_OF_CELL_MORPHOGENESIS,1.15993805,0.3831967,0.521213
GOBP_RESPONSE_TO_AXON_INJURY,1.1596532499999999,0.4668008,0.6901211
GOBP_REGULATION_OF_INSULIN_RECEPTOR_SIGNALING_PATHWAY,1.15927875,0.41649485,0.6304631
GOBP_LYMPH_VESSEL_MORPHOGENESIS,1.1578332,0.5686275,0.7365084
GOBP_MYELOID_LEUKOCYTE_CYTOKINE_PRODUCTION,1.1568437,0.53125,0.6634623
GOBP_VENTRICULAR_SYSTEM_DEVELOPMENT,1.1565248000000001,0.5584906,0.6732454
GOBP_MALE_MEIOSIS_I,1.15635047,0.4764706,0.6814638
GOBP_FACULTATIVE_HETEROCHROMATIN_FORMATION,1.15336005,0.45908183,0.57905555
GOBP_NEGATIVE_REGULATION_OF_GLUCONEOGENESIS,1.15244755,0.47435898,0.6834171
GOBP_POSITIVE_REGULATION_OF_DNA_DAMAGE_RESPONSE_SIGNAL_TRANSDUCTION_BY_P53_CLASS_MEDIATOR,1.1515316,0.41828793,0.5592589
GOBP_SYNAPTIC_TRANSMISSION_GABAERGIC,1.1508491,0.4266145,0.572749
GOBP_REGULATION_OF_STEROID_HORMONE_BIOSYNTHETIC_PROCESS,1.15081545,0.6620553,0.81349736
GOBP_DENDRITIC_SPINE_MORPHOGENESIS,1.15018155,0.37549406,0.6165435
GOBP_REGULATION_OF_MYOBLAST_FUSION,1.14983515,0.89065605,0.9396174
GOBP_NEGATIVE_REGULATION_OF_REGULATED_SECRETORY_PATHWAY,1.1473995000000001,0.94106466,0.9693406
GOBP_POSTSYNAPSE_ASSEMBLY,1.14607362,0.57026476,0.7519555
GOBP_HEPARAN_SULFATE_PROTEOGLYCAN_METABOLIC_PROCESS,1.144739885,0.6565041,0.81119686
GOBP_REGULATION_OF_NUCLEOTIDE_EXCISION_REPAIR,1.14262295,0.32617188,0.59121805
GOBP_NEGATIVE_REGULATION_OF_GROWTH,1.1412398,0.5188119,0.72575235
GOBP_NEGATIVE_REGULATION_OF_STEM_CELL_PROLIFERATION,1.1405688,0.3144654,0.50568557
GOBP_REGULATION_OF_SKELETAL_MUSCLE_CELL_PROLIFERATION,1.14049063,0.5714286,0.76741004
GOBP_CEREBRAL_CORTEX_NEURON_DIFFERENTIATION,1.138795235,0.5497925,0.7379601
GOBP_CLATHRIN_DEPENDENT_ENDOCYTOSIS,1.1380891499999999,0.3401222,0.5913555
GOBP_RESPONSE_TO_PH,1.137492875,0.7211155,0.8486553
GOBP_REGULATION_OF_GENE_SILENCING_BY_REGULATORY_NCRNA,1.1373013,0.63,0.8104406
GOBP_REGULATION_OF_POSTSYNAPTIC_MEMBRANE_NEUROTRANSMITTER_RECEPTOR_LEVELS,1.1370227499999999,0.49808428,0.71019214
GOBP_POSITIVE_REGULATION_OF_MIRNA_METABOLIC_PROCESS,1.13564875,0.36220473,0.6073139
GOBP_REGULATION_OF_PLASMA_MEMBRANE_ORGANIZATION,1.1340815,0.6639344,0.8022975
GOBP_SYNAPTIC_VESICLE_MEMBRANE_ORGANIZATION,1.13072482,0.9789675,0.9839958
GOBP_MIRNA_TRANSCRIPTION,1.1305267300000001,0.7630522,0.8338869
GOBP_HEMATOPOIETIC_STEM_CELL_PROLIFERATION,1.13000888,0.6551724,0.8117353
GOBP_NEGATIVE_REGULATION_OF_GLIAL_CELL_DIFFERENTIATION,1.12990775,0.81299216,0.9084023
GOBP_NEGATIVE_REGULATION_OF_SMOOTHENED_SIGNALING_PATHWAY,1.1298593000000001,0.7829615,0.81786686
GOBP_AORTA_MORPHOGENESIS,1.1297912,0.4257028,0.6505429
GOBP_LEARNING,1.128324075,0.6787879,0.8185336
GOBP_POSITIVE_REGULATION_OF_PATTERN_RECOGNITION_RECEPTOR_SIGNALING_PATHWAY,1.12827645,0.8836292,0.9391929
GOBP_MORPHOGENESIS_OF_AN_EPITHELIAL_FOLD,1.12815185,0.32475248,0.52036977
GOBP_FEEDING_BEHAVIOR,1.1277195500000001,0.49805447,0.633274
GOBP_FIBROBLAST_MIGRATION,1.1271227,0.8039216,0.9122214
GOBP_REGULATION_OF_DENDRITE_MORPHOGENESIS,1.12691545,0.42914173,0.6628437
GOBP_RAC_PROTEIN_SIGNAL_TRANSDUCTION,1.1267843499999999,0.98128897,0.98627627
GOBP_DOPAMINE_SECRETION,1.1266129999999999,0.32790223,0.5091392
GOBP_ECTOPIC_GERM_CELL_PROGRAMMED_CELL_DEATH,1.1251035200000001,0.629771,0.81270826
GOBP_POSITIVE_REGULATION_OF_GROWTH,1.12431395,0.39363816,0.6309083
GOBP_REGULATION_OF_FIBROBLAST_MIGRATION,1.12420275,0.38297874,0.516044
GOBP_POSTSYNAPTIC_DENSITY_ASSEMBLY,1.12388895,0.82884616,0.88356084
GOBP_SYMPATHETIC_NERVOUS_SYSTEM_DEVELOPMENT,1.12308698,0.7581301,0.8693324
GOBP_ANTIGEN_PROCESSING_AND_PRESENTATION_OF_EXOGENOUS_PEPTIDE_ANTIGEN_VIA_MHC_CLASS_II,1.12235885,0.7358871,0.8010783
GOBP_MRNA_EXPORT_FROM_NUCLEUS,1.12119117,0.62753034,0.79897845
GOBP_DECIDUALIZATION,1.11979483,0.6916836,0.83223206
GOBP_POSITIVE_REGULATION_OF_CELL_MIGRATION_INVOLVED_IN_SPROUTING_ANGIOGENESIS,1.1197775,0.35363457,0.51628894
GOBP_SPHINGOID_METABOLIC_PROCESS,1.11921693,0.757085,0.8692793
GOBP_ENTRAINMENT_OF_CIRCADIAN_CLOCK,1.11854468,0.6955684,0.8498261
GOBP_POSITIVE_REGULATION_OF_DEVELOPMENTAL_GROWTH,1.117976515,0.99429655,0.99029505
GOBP_NEGATIVE_REGULATION_OF_CELLULAR_RESPONSE_TO_INSULIN_STIMULUS,1.1177326,0.6481481,0.8194833
GOBP_POSITIVE_REGULATION_OF_G1_S_TRANSITION_OF_MITOTIC_CELL_CYCLE,1.1176888,0.40471512,0.5414568
GOBP_POSITIVE_REGULATION_OF_EPITHELIAL_CELL_DIFFERENTIATION,1.1173047999999999,0.32987553,0.5792149
GOBP_POSITIVE_REGULATION_OF_CHOLESTEROL_EFFLUX,1.11704095,0.6291262,0.7911809
GOBP_RECEPTOR_INTERNALIZATION,1.1165843999999998,0.36196318,0.610836
GOBP_POSTSYNAPTIC_CYTOSKELETON_ORGANIZATION,1.1147882,0.3419483,0.59394836
GOBP_NEGATIVE_REGULATION_OF_TRANSPORT,1.11424905,0.7222222,0.85135216
GOBP_NEUROMUSCULAR_JUNCTION_DEVELOPMENT,1.114235235,0.9526749,0.9790082
GOBP_NEUROTROPHIN_TRK_RECEPTOR_SIGNALING_PATHWAY,1.11392815,0.31958762,0.5746964
GOBP_STARTLE_RESPONSE,1.1131277800000001,0.87164754,0.92294157
GOBP_CIRCADIAN_SLEEP_WAKE_CYCLE,1.11238665,0.34747475,0.5973385
GOBP_RESPONSE_TO_INTERLEUKIN_6,1.11224157,0.7207031,0.8604844
GOBP_CELLULAR_RESPONSE_TO_GAMMA_RADIATION,1.1120733500000002,0.3531746,0.5354117
GOBP_HYPERSENSITIVITY,1.1118937999999998,0.48080808,0.7024679
GOBP_POSITIVE_REGULATION_OF_NEURON_MIGRATION,1.1095332500000001,0.528,0.73568195
GOBP_REGULATION_OF_CLATHRIN_DEPENDENT_ENDOCYTOSIS,1.1084532500000002,0.43460765,0.6593468
GOBP_EMBRYONIC_EYE_MORPHOGENESIS,1.1073836,0.49490836,0.6168549
GOBP_NEURONAL_STEM_CELL_POPULATION_MAINTENANCE,1.10712937,0.5,0.70185626
GOBP_REGULATION_OF_PROTEIN_MATURATION,1.10680113,0.794,0.89022887
GOBP_REGULATION_OF_SMAD_PROTEIN_SIGNAL_TRANSDUCTION,1.10672022,0.5923695,0.6969308
GOBP_TISSUE_MIGRATION,1.106469165,0.4765625,0.6059763
GOBP_RESPONSE_TO_LEPTIN,1.1060078,0.76448596,0.831716
GOBP_POSITIVE_REGULATION_OF_MYELOID_LEUKOCYTE_CYTOKINE_PRODUCTION_INVOLVED_IN_IMMUNE_RESPONSE,1.10409605,0.80492425,0.8546922
GOBP_ODONTOGENESIS_OF_DENTIN_CONTAINING_TOOTH,1.1040023799999998,0.5200803,0.6373995
GOBP_REGULATION_OF_SIGNALING_RECEPTOR_ACTIVITY,1.10290785,0.5378323,0.7370163
GOBP_REGULATION_OF_STEROID_METABOLIC_PROCESS,1.0991714,0.43551403,0.5644659
GOBP_ORGANIC_HYDROXY_COMPOUND_TRANSPORT,1.09822325,0.4385965,0.6586596
GOBP_HEART_GROWTH,1.0969665499999999,0.7887324,0.85690284
GOBP_NEGATIVE_REGULATION_OF_INTRACELLULAR_PROTEIN_TRANSPORT,1.09648735,0.43574297,0.6457381
GOBP_REGULATION_OF_NEURAL_PRECURSOR_CELL_PROLIFERATION,1.09256738,0.7076613,0.8502019
GOBP_DETECTION_OF_MECHANICAL_STIMULUS_INVOLVED_IN_SENSORY_PERCEPTION_OF_SOUND,1.09223135,0.4279919,0.5805287
GOBP_VASCULAR_ASSOCIATED_SMOOTH_MUSCLE_CELL_MIGRATION,1.091711,0.77575755,0.83617336
GOBP_REGULATION_OF_LAMELLIPODIUM_ORGANIZATION,1.0915240000000002,0.51055664,0.6134689
GOBP_POSITIVE_REGULATION_OF_AXONOGENESIS,1.0908017,0.67813766,0.81035006
GOBP_PROTEIN_AUTOPHOSPHORYLATION,1.0903554500000001,0.92885375,0.9546483
GOBP_REGULATION_OF_FEEDING_BEHAVIOR,1.08980375,0.33778626,0.5715359
GOBP_PROTEIN_LOCALIZATION_TO_POSTSYNAPSE,1.0877989000000001,0.3446215,0.6005817
GOBP_CEREBELLAR_CORTEX_FORMATION,1.0876375,0.9185336,0.96362805
GOBP_STEM_CELL_DIFFERENTIATION,1.0840684,0.9297872,0.94340557
GOBP_REGULATION_OF_POSTSYNAPTIC_DENSITY_ORGANIZATION,1.08404305,0.8105906,0.8622748
GOBP_CARDIOBLAST_DIFFERENTIATION,1.0834778999999999,0.89065605,0.9390563
GOBP_AMYLOID_FIBRIL_FORMATION,1.08343745,0.4059406,0.5629917
GOBP_CELL_GROWTH,1.0830109,0.832,0.90542316
GOBP_OLEFINIC_COMPOUND_BIOSYNTHETIC_PROCESS,1.08292038,0.5644172,0.6783365
GOBP_POSITIVE_REGULATION_OF_STEM_CELL_DIFFERENTIATION,1.08219837,0.43786982,0.59133637
GOBP_GROWTH_PLATE_CARTILAGE_DEVELOPMENT,1.0803324,0.45610687,0.6535492
GOBP_EMBRYO_IMPLANTATION,1.0776058499999999,0.8932238,0.9198985
GOBP_IMMATURE_B_CELL_DIFFERENTIATION,1.0768795999999998,0.4032258,0.5692802
GOBP_REGULATION_OF_ESTABLISHMENT_OR_MAINTENANCE_OF_CELL_POLARITY,1.072829325,0.4439834,0.6826466
GOBP_ADULT_LOCOMOTORY_BEHAVIOR,1.070029275,0.6830266,0.8190036
GOBP_FC_RECEPTOR_SIGNALING_PATHWAY,1.0695268,0.38113207,0.6293707
GOBP_PROTEOGLYCAN_METABOLIC_PROCESS,1.067058625,0.8068834,0.90480936
GOBP_REGULATION_OF_CELLULAR_RESPONSE_TO_OXIDATIVE_STRESS,1.0643325,0.37598425,0.5949632
GOBP_PIGMENTATION,1.06099005,0.5194274,0.6397019
GOBP_REGULATION_OF_POSTSYNAPSE_ASSEMBLY,1.059780225,0.5497076,0.7374506
GOBP_STEM_CELL_DIVISION,1.05898227,0.42913386,0.68094057
GOBP_PEPTIDYL_GLUTAMIC_ACID_MODIFICATION,1.0584146,0.5625,0.76397187
GOBP_REGULATION_OF_ARP2_3_COMPLEX_MEDIATED_ACTIN_NUCLEATION,1.0578508,0.5854167,0.7653917
GOBP_ASYMMETRIC_CELL_DIVISION,1.05506145,0.91129035,0.9267301
GOBP_POSITIVE_REGULATION_OF_TRANSCRIPTION_BY_RNA_POLYMERASE_I,1.05410692,0.5557895,0.7413522
GOBP_ORGANIC_CATION_TRANSPORT,1.0526293500000001,0.57197696,0.760557
GOBP_POSITIVE_REGULATION_OF_STEM_CELL_PROLIFERATION,1.05189785,0.6294821,0.73492056
GOBP_REGULATION_OF_EXCITATORY_SYNAPSE_ASSEMBLY,1.05140905,0.4213592,0.6528635
GOBP_REGULATION_OF_RESPONSE_TO_OXIDATIVE_STRESS,1.05012645,0.6519115,0.76862913
GOBP_GENOMIC_IMPRINTING,1.05002047,0.45656565,0.6825846
GOBP_POSITIVE_REGULATION_OF_CELLULAR_RESPONSE_TO_TRANSFORMING_GROWTH_FACTOR_BETA_STIMULUS,1.0495850199999999,0.46900827,0.61472756
GOBP_REGULATION_OF_CELL_ADHESION_MEDIATED_BY_INTEGRIN,1.0471937,0.6042065,0.7122332
GOBP_GLUCOSAMINE_CONTAINING_COMPOUND_METABOLIC_PROCESS,1.0464820499999998,0.7850288,0.83606064
GOBP_REPRODUCTIVE_BEHAVIOR,1.04552128,0.44827586,0.6667759
GOBP_REGULATION_OF_DENDRITE_DEVELOPMENT,1.04386128,0.7643678,0.8302167
GOBP_PURINERGIC_NUCLEOTIDE_RECEPTOR_SIGNALING_PATHWAY,1.04313805,0.6086956,0.7689918
GOBP_REGULATION_OF_NEURON_APOPTOTIC_PROCESS,1.04200835,0.70385396,0.83680964
GOBP_NEGATIVE_REGULATION_OF_AMINE_TRANSPORT,1.04196105,0.5263158,0.7333145
GOBP_POSITIVE_REGULATION_OF_PROTEIN_BINDING,1.041135475,0.9158317,0.95922333
GOBP_NON_PROTEINOGENIC_AMINO_ACID_BIOSYNTHETIC_PROCESS,1.039589625,0.9830867,0.98527104
GOBP_DIGESTIVE_TRACT_MORPHOGENESIS,1.03946,0.77362204,0.8308896
GOBP_REGULATION_OF_SYNAPTIC_VESICLE_CYCLE,1.0390705,0.85162604,0.91854024
GOBP_PINOCYTOSIS,1.0388977499999998,0.49011856,0.7067119
GOBP_REGULATION_OF_HEMATOPOIETIC_PROGENITOR_CELL_DIFFERENTIATION,1.0387121,0.7721774,0.898345
GOBP_CELLULAR_RESPONSE_TO_CADMIUM_ION,1.03866025,0.6206226,0.7355752
GOBP_POSITIVE_REGULATION_OF_SPROUTING_ANGIOGENESIS,1.038451175,0.6141079,0.782622
GOBP_CELLULAR_RESPONSE_TO_IONIZING_RADIATION,1.0379356999999998,0.38865545,0.6219039
GOBP_COLLAGEN_BIOSYNTHETIC_PROCESS,1.03785215,0.42178217,0.65387416
GOBP_ATRIOVENTRICULAR_VALVE_DEVELOPMENT,1.03701358,0.5184466,0.65329987
GOBP_REGULATION_OF_PEPTIDASE_ACTIVITY,1.03699092,0.6627907,0.8208442
GOBP_NEGATIVE_REGULATION_OF_AXONOGENESIS,1.0362138,0.44742268,0.67540026
GOBP_RESPONSE_TO_ACIDIC_PH,1.0349301499999999,0.5780933,0.7657103
GOBP_POLY_A_PLUS_MRNA_EXPORT_FROM_NUCLEUS,1.03422275,0.41894737,0.6265492
GOBP_POSITIVE_REGULATION_OF_CELL_GROWTH,1.0340763,0.7125,0.850697
GOBP_ADENYLATE_CYCLASE_ACTIVATING_ADRENERGIC_RECEPTOR_SIGNALING_PATHWAY,1.033586215,0.85162604,0.92455816
GOBP_REGULATION_OF_PLATELET_ACTIVATION,1.0335619999999999,0.90816325,0.963325
GOBP_REGULATION_OF_CYTOSOLIC_CALCIUM_ION_CONCENTRATION,1.0300146,0.9047619,0.9528795
GOBP_NEGATIVE_REGULATION_OF_MICROTUBULE_POLYMERIZATION_OR_DEPOLYMERIZATION,1.0296745299999999,0.97894734,0.9834555
GOBP_LONG_TERM_SYNAPTIC_DEPRESSION,1.026781825,0.5126051,0.64844203
GOBP_REGULATION_OF_REGULATORY_NCRNA_PROCESSING,1.025957575,0.80833334,0.8602216
GOBP_NEGATIVE_REGULATION_OF_TELOMERE_MAINTENANCE_VIA_TELOMERE_LENGTHENING,1.025890725,0.6978131,0.8330821
GOBP_POSITIVE_REGULATION_OF_ENDOTHELIAL_CELL_CHEMOTAXIS,1.0249068650000002,0.6004367,0.7041872
GOBP_PERICARDIUM_DEVELOPMENT,1.0236224,0.70385396,0.80495775
GOBP_NEGATIVE_REGULATION_OF_CHEMOTAXIS,1.02298827,0.8086785,0.89406073
GOBP_INTRACELLULAR_ZINC_ION_HOMEOSTASIS,1.02230475,0.4502924,0.6504564
GOBP_EMBRYONIC_CAMERA_TYPE_EYE_MORPHOGENESIS,1.021846015,0.490458,0.70242006
GOBP_REGULATION_OF_INTRINSIC_APOPTOTIC_SIGNALING_PATHWAY_IN_RESPONSE_TO_DNA_DAMAGE,1.021026375,0.6615385,0.7462214
GOBP_AMINO_SUGAR_METABOLIC_PROCESS,1.01950505,0.47268906,0.61463153
GOBP_VASCULAR_ASSOCIATED_SMOOTH_MUSCLE_CELL_DIFFERENTIATION,1.01918773,0.77938145,0.9061903
GOBP_REGULATION_OF_TRIGLYCERIDE_BIOSYNTHETIC_PROCESS,1.018915875,0.7675351,0.87709874
GOBP_RESPONSE_TO_ORGANOPHOSPHORUS,1.01678852,0.77362204,0.8191136
GOBP_REGULATION_OF_CELLULAR_COMPONENT_SIZE,1.0135315999999999,0.6178862,0.7936208
GOBP_REGULATION_OF_RECEPTOR_CLUSTERING,1.01329518,0.56842107,0.7486405
GOBP_REGULATION_OF_EPITHELIAL_CELL_MIGRATION,1.01296122,0.5610278,0.7644233
GOBP_POSITIVE_REGULATION_OF_CELLULAR_RESPONSE_TO_INSULIN_STIMULUS,1.01229895,0.654,0.75017697
GOBP_GANGLIOSIDE_BIOSYNTHETIC_PROCESS,1.01056975,0.95348835,0.969528
GOBP_NEGATIVE_REGULATION_OF_STEROID_METABOLIC_PROCESS,1.01051545,0.4681275,0.7022356
GOBP_REGULATION_OF_HEMATOPOIETIC_STEM_CELL_PROLIFERATION,1.00971107,0.49068323,0.7016995
GOBP_EPIGENETIC_PROGRAMMING_OF_GENE_EXPRESSION,1.00842465,0.9191919,0.95194346
GOBP_NEGATIVE_REGULATION_OF_DNA_BIOSYNTHETIC_PROCESS,1.008090325,0.5742972,0.752072
GOBP_SOMITOGENESIS,1.00761173,0.69814813,0.8467752
GOBP_ENDOTHELIAL_CELL_CHEMOTAXIS,1.00517185,0.44558522,0.66356176
GOBP_BRAIN_MORPHOGENESIS,1.0045521499999999,0.5383104,0.7419447
GOBP_ADRENERGIC_RECEPTOR_SIGNALING_PATHWAY,0.9986981500000001,0.44585988,0.68344903
GOBP_REGULATION_OF_EXTRINSIC_APOPTOTIC_SIGNALING_PATHWAY,0.998592865,0.97410357,0.9856378
GOBP_NEGATIVE_REGULATION_OF_OSTEOBLAST_DIFFERENTIATION,0.9964983000000001,0.63975155,0.81763303
GOBP_AGGREPHAGY,0.9935799,0.5996094,0.7613364
GOBP_POSITIVE_REGULATION_OF_MULTICELLULAR_ORGANISM_GROWTH,0.99277475,0.7415507,0.8172808
GOBP_CELL_MIGRATION_IN_HINDBRAIN,0.9925487500000001,0.51340204,0.6917042
GOBP_CENTRAL_NERVOUS_SYSTEM_NEURON_AXONOGENESIS,0.9920495500000001,0.7760911,0.8347479
GOBP_CARDIAC_CONDUCTION_SYSTEM_DEVELOPMENT,0.9915640250000001,0.5574074,0.75242794
GOBP_POSITIVE_REGULATION_OF_SYNAPTIC_TRANSMISSION_GABAERGIC,0.990762135,0.8486056,0.9344478
GOBP_MOTOR_BEHAVIOR,0.98840265,0.77710843,0.90308696
GOBP_REGULATION_OF_ALCOHOL_BIOSYNTHETIC_PROCESS,0.9883980299999999,0.8709056,0.91884285
GOBP_RESPONSE_TO_ISOQUINOLINE_ALKALOID,0.98784503,0.45490983,0.66548544
GOBP_CATECHOL_CONTAINING_COMPOUND_METABOLIC_PROCESS,0.98578047,0.54756874,0.6713685
GOBP_POSITIVE_REGULATION_OF_KINASE_ACTIVITY,0.9852782499999999,0.9121094,0.9501518
GOBP_REGULATION_OF_MAMMARY_GLAND_EPITHELIAL_CELL_PROLIFERATION,0.98421672,0.86773545,0.9389687
GOBP_REGULATION_OF_POSTSYNAPTIC_NEUROTRANSMITTER_RECEPTOR_INTERNALIZATION,0.98199418,0.52662724,0.65693986
GOBP_POSITIVE_REGULATION_OF_GLYCOGEN_BIOSYNTHETIC_PROCESS,0.9816308499999999,0.89320385,0.944971
GOBP_NEGATIVE_REGULATION_OF_POST_TRANSLATIONAL_PROTEIN_MODIFICATION,0.98095635,0.6582809,0.8024809
GOBP_POSITIVE_REGULATION_OF_VASCULAR_ASSOCIATED_SMOOTH_MUSCLE_CELL_MIGRATION,0.9802618000000001,0.71,0.76094276
GOBP_REGULATION_OF_ANDROGEN_RECEPTOR_SIGNALING_PATHWAY,0.97958885,0.562,0.6707783
GOBP_POSITIVE_REGULATION_BY_HOST_OF_VIRAL_TRANSCRIPTION,0.9783070300000001,0.5683168,0.69489515
GOBP_REGULATION_OF_PEPTIDYL_SERINE_PHOSPHORYLATION,0.977747575,0.8472505,0.9253954
GOBP_NEGATIVE_REGULATION_OF_GLIOGENESIS,0.9754408349999999,0.64761907,0.7458717
GOBP_REGULATION_OF_LONG_TERM_SYNAPTIC_POTENTIATION,0.974413,0.5084746,0.7246033
GOBP_POSITIVE_REGULATION_OF_CILIUM_ASSEMBLY,0.9736298000000001,0.66085273,0.72564065
GOBP_POSITIVE_REGULATION_OF_NUCLEOCYTOPLASMIC_TRANSPORT,0.9734340850000001,0.7444219,0.868409
GOBP_POSITIVE_REGULATION_OF_STEROL_TRANSPORT,0.97244183,0.80851066,0.92269975
GOBP_NEUROTRANSMITTER_RECEPTOR_INTERNALIZATION,0.97116945,0.7868526,0.89849764
GOBP_POSITIVE_REGULATION_OF_RECEPTOR_INTERNALIZATION,0.97046915,0.5308151,0.66085017
GOBP_RESPONSE_TO_GONADOTROPIN,0.96973157,0.6252505,0.737846
GOBP_WOUND_HEALING_SPREADING_OF_EPIDERMAL_CELLS,0.9693847,0.58627856,0.7768563
GOBP_REGULATION_OF_CELL_SIZE,0.9679814499999999,0.5943205,0.7561054
GOBP_NEGATIVE_REGULATION_OF_PROTEIN_IMPORT_INTO_NUCLEUS,0.9668700699999999,0.6889764,0.83618945
GOBP_GAP_JUNCTION_ASSEMBLY,0.9667629,0.5173745,0.73791283
GOBP_SNRNA_TRANSCRIPTION,0.9659700149999999,0.7352941,0.82528925
GOBP_PERIPHERAL_NERVOUS_SYSTEM_AXON_ENSHEATHMENT,0.96572337,0.86354774,0.9352378
GOBP_RESPONSE_TO_GLUCAGON,0.9652563999999999,0.5598377,0.7375602
GOBP_RESPONSE_TO_ISCHEMIA,0.9652001000000001,0.836478,0.928059
GOBP_REGULATION_OF_CELL_FATE_SPECIFICATION,0.96434747,0.6777996,0.8327956
GOBP_NEGATIVE_REGULATION_OF_NUCLEOCYTOPLASMIC_TRANSPORT,0.9640500700000001,0.7004049,0.8602852
GOBP_REGULATION_OF_MONOCYTE_DIFFERENTIATION,0.9608411,0.68463075,0.7661296
GOBP_REGULATION_OF_LONG_TERM_NEURONAL_SYNAPTIC_PLASTICITY,0.9597413,0.83064514,0.92282546
GOBP_NEGATIVE_REGULATION_OF_RECEPTOR_MEDIATED_ENDOCYTOSIS,0.9590664,0.8924949,0.9495437
GOBP_OSTEOBLAST_DEVELOPMENT,0.95533255,0.61646587,0.71998495
GOBP_PURINE_CONTAINING_COMPOUND_TRANSMEMBRANE_TRANSPORT,0.95428405,0.5987395,0.76552176
GOBP_CEREBELLAR_PURKINJE_CELL_LAYER_MORPHOGENESIS,0.95420682,0.9277344,0.9666753
GOBP_SPERM_FLAGELLUM_ASSEMBLY,0.953642085,0.9048583,0.9277652
GOBP_RESPONSE_TO_ELECTRICAL_STIMULUS,0.9536125,0.88039213,0.93935686
GOBP_NUCLEOTIDE_TRANSMEMBRANE_TRANSPORT,0.9535026799999999,0.71734893,0.80428874
GOBP_REGULATION_OF_PROTEIN_IMPORT_INTO_NUCLEUS,0.9528028500000001,0.7591093,0.889978
GOBP_RESPONSE_TO_HYDROPEROXIDE,0.9524143,0.56312627,0.67796314
GOBP_POSTSYNAPTIC_MODULATION_OF_CHEMICAL_SYNAPTIC_TRANSMISSION,0.952356975,0.6752988,0.74745435
GOBP_REGULATION_OF_MACROPHAGE_DIFFERENTIATION,0.95223662,0.538,0.68866193
GOBP_REGULATION_OF_INTRINSIC_APOPTOTIC_SIGNALING_PATHWAY_BY_P53_CLASS_MEDIATOR,0.95092567,0.98568505,0.99231064
GOBP_POSITIVE_REGULATION_OF_PROTEIN_EXPORT_FROM_NUCLEUS,0.9507817,0.688,0.7809519
GOBP_POSITIVE_REGULATION_OF_MESENCHYMAL_CELL_PROLIFERATION,0.9491673700000001,0.5248092,0.69629735
GOBP_SECONDARY_PALATE_DEVELOPMENT,0.9491469,0.86868685,0.93523055
GOBP_MICROTUBULE_DEPOLYMERIZATION,0.94817175,0.71252567,0.8520293
GOBP_CELL_PROLIFERATION_INVOLVED_IN_HEART_MORPHOGENESIS,0.94563545,0.63721806,0.8123021
GOBP_REGULATION_OF_KETONE_BIOSYNTHETIC_PROCESS,0.9437107,0.5979381,0.7008451
GOBP_DNA_DOUBLE_STRAND_BREAK_PROCESSING,0.9430005,0.6077236,0.7008144
GOBP_POSITIVE_REGULATION_OF_GLUCONEOGENESIS,0.942847935,0.83,0.92145866
GOBP_RECEPTOR_LOCALIZATION_TO_SYNAPSE,0.9420445500000001,0.72745097,0.864966
GOBP_RECEPTOR_CATABOLIC_PROCESS,0.94082235,0.704501,0.7930894
GOBP_POSITIVE_REGULATION_OF_REGULATED_SECRETORY_PATHWAY,0.9392095,0.6343874,0.78795636
GOBP_SPERM_AXONEME_ASSEMBLY,0.9390370299999999,0.978389,0.9924813
GOBP_FATTY_ACID_TRANSMEMBRANE_TRANSPORT,0.9382808,0.58943087,0.6988679
GOBP_POSITIVE_REGULATION_OF_BROWN_FAT_CELL_DIFFERENTIATION,0.93772538,0.5795918,0.7644949
GOBP_MONOCYTE_DIFFERENTIATION,0.93764755,0.6679463,0.8306627
GOBP_POSITIVE_REGULATION_OF_EXTRACELLULAR_MATRIX_ORGANIZATION,0.9359215999999999,0.6446602,0.74550545
GOBP_HEMATOPOIETIC_STEM_CELL_DIFFERENTIATION,0.935804845,0.57700205,0.6990146
GOBP_REGULATION_OF_CELL_FATE_COMMITMENT,0.935378195,0.5979381,0.7142594
GOBP_OPTIC_NERVE_DEVELOPMENT,0.9345185,0.56740445,0.69557726
GOBP_RESPONSE_TO_PURINE_CONTAINING_COMPOUND,0.93126683,0.67820776,0.7792193
GOBP_POSITIVE_REGULATION_OF_SYNCYTIUM_FORMATION_BY_PLASMA_MEMBRANE_FUSION,0.92761552,0.57505286,0.7617458
GOBP_CELLULAR_RESPONSE_TO_FATTY_ACID,0.9256082999999999,0.75628626,0.8725288
GOBP_REGULATION_OF_AMINO_ACID_TRANSPORT,0.9254770999999999,0.9863281,0.9930439
GOBP_REGULATION_OF_MUSCLE_ORGAN_DEVELOPMENT,0.920781515,0.64065707,0.81046665
GOBP_NEGATIVE_REGULATION_OF_ACTIN_FILAMENT_BUNDLE_ASSEMBLY,0.92069665,0.9134021,0.9422448
GOBP_N_ACETYLGLUCOSAMINE_METABOLIC_PROCESS,0.92064905,0.7251586,0.80904084
GOBP_PIGMENT_GRANULE_LOCALIZATION,0.9193172199999999,0.83430797,0.8699683
GOBP_AXON_ENSHEATHMENT_IN_CENTRAL_NERVOUS_SYSTEM,0.91907375,0.7651515,0.88538176
GOBP_NEUROMUSCULAR_PROCESS_CONTROLLING_POSTURE,0.9190049,0.5995807,0.72575426
GOBP_BLOOD_VESSEL_ENDOTHELIAL_CELL_PROLIFERATION_INVOLVED_IN_SPROUTING_ANGIOGENESIS,0.91886212,0.81666666,0.8491746
GOBP_BEHAVIORAL_RESPONSE_TO_PAIN,0.9180711349999999,0.90204084,0.95001745
GOBP_ADIPOSE_TISSUE_DEVELOPMENT,0.9173227500000001,0.9071146,0.95227295
GOBP_CARDIAC_NEURAL_CREST_CELL_DIFFERENTIATION_INVOLVED_IN_HEART_DEVELOPMENT,0.917163075,0.572,0.75121266
GOBP_REGULATION_OF_ACTIVIN_RECEPTOR_SIGNALING_PATHWAY,0.9155273,0.7057613,0.7998119
GOBP_CELL_DIFFERENTIATION_IN_HINDBRAIN,0.9143867999999999,0.8955224,0.9447549
GOBP_NEGATIVE_REGULATION_OF_CYTOSKELETON_ORGANIZATION,0.9140596649999999,0.5575049,0.7250971
GOBP_REGULATION_OF_CD8_POSITIVE_ALPHA_BETA_T_CELL_ACTIVATION,0.91341648,0.59375,0.7130484
GOBP_RESPONSE_TO_GAMMA_RADIATION,0.9132437,0.7669173,0.8303988
GOBP_POSITIVE_REGULATION_OF_AXON_EXTENSION,0.91129583,0.6141414,0.71377134
GOBP_SIGNAL_TRANSDUCTION_IN_ABSENCE_OF_LIGAND,0.91049855,0.8404908,0.9231745
GOBP_RESPONSE_TO_ACETYLCHOLINE,0.9098545,0.7009901,0.8255774
GOBP_NOSE_DEVELOPMENT,0.9074263499999999,0.94860816,0.9523421
GOBP_GLUCAN_BIOSYNTHETIC_PROCESS,0.90556555,0.9435798,0.9696735
GOBP_MORPHOGENESIS_OF_AN_ENDOTHELIUM,0.9024829999999999,0.962818,0.9815307
GOBP_NEGATIVE_REGULATION_OF_SIGNAL_TRANSDUCTION_BY_P53_CLASS_MEDIATOR,0.898360325,0.68093383,0.75233084
GOBP_NEGATIVE_REGULATION_OF_SYNAPTIC_TRANSMISSION,0.896230415,0.63213533,0.7300693
GOBP_POSITIVE_REGULATION_OF_CELL_MATRIX_ADHESION,0.8945668,0.8289738,0.9253018
GOBP_REGULATION_OF_DNA_DAMAGE_RESPONSE_SIGNAL_TRANSDUCTION_BY_P53_CLASS_MEDIATOR,0.89445742,0.9801193,0.9810282
GOBP_POSITIVE_REGULATION_OF_LEUKOCYTE_ADHESION_TO_VASCULAR_ENDOTHELIAL_CELL,0.892588025,0.61945033,0.7328822
GOBP_CELLULAR_RESPONSE_TO_NUTRIENT,0.8918064699999999,0.73253495,0.87268203
GOBP_REGULATION_OF_MEIOTIC_CELL_CYCLE,0.8913537200000001,0.81573033,0.86412793
GOBP_POSITIVE_REGULATION_OF_AMINE_TRANSPORT,0.8903715299999999,0.70886075,0.8452325
GOBP_NEGATIVE_REGULATION_OF_EPITHELIAL_CELL_MIGRATION,0.89000663,0.8949495,0.9392306
GOBP_RESPONSE_TO_INTERLEUKIN_17,0.888978175,0.86326534,0.9252591
GOBP_REGULATION_OF_COMPLEMENT_ACTIVATION,0.88776097,0.6736243,0.8256745
GOBP_ERYTHROCYTE_MATURATION,0.887103265,0.8981289,0.92821544
GOBP_PORE_COMPLEX_ASSEMBLY,0.8865547149999999,0.66803277,0.8196655
GOBP_NEGATIVE_REGULATION_OF_MEIOTIC_CELL_CYCLE,0.88488102,0.82186234,0.88489425
GOBP_REGULATION_OF_MUSCLE_CELL_DIFFERENTIATION,0.8844942200000001,0.80824745,0.8629754
GOBP_POSITIVE_REGULATION_OF_BINDING,0.88444375,0.7251586,0.871075
GOBP_PRESYNAPTIC_MODULATION_OF_CHEMICAL_SYNAPTIC_TRANSMISSION,0.88345641,0.65553236,0.74661165
GOBP_CARDIAC_RIGHT_VENTRICLE_MORPHOGENESIS,0.881530185,0.61885244,0.74352014
GOBP_C21_STEROID_HORMONE_BIOSYNTHETIC_PROCESS,0.88106345,0.698,0.7750238
GOBP_PRIMARY_AMINO_COMPOUND_METABOLIC_PROCESS,0.8779319,0.73840445,0.8062823
GOBP_OSTEOCLAST_DIFFERENTIATION,0.876314865,0.7798354,0.85420525
GOBP_NEGATIVE_REGULATION_OF_AXON_EXTENSION,0.87630722,0.78740156,0.8997456
GOBP_NEGATIVE_REGULATION_OF_PROTEIN_UBIQUITINATION,0.87562215,0.8588469,0.93079096
GOBP_MIDDLE_EAR_MORPHOGENESIS,0.873464375,0.8630137,0.89519596
GOBP_POSITIVE_REGULATION_OF_CELL_SUBSTRATE_JUNCTION_ORGANIZATION,0.8718635,0.7222222,0.8517931
GOBP_MITOTIC_INTRA_S_DNA_DAMAGE_CHECKPOINT_SIGNALING,0.86935585,0.917505,0.94978213
GOBP_CHONDROCYTE_DEVELOPMENT,0.864452395,0.6601732,0.76119494
GOBP_POSITIVE_REGULATION_OF_ERBB_SIGNALING_PATHWAY,0.8632200999999999,0.9847619,0.9918371
GOBP_POSITIVE_REGULATION_OF_LIPID_STORAGE,0.8623234900000001,0.61406845,0.8015367
GOBP_REGULATION_OF_HOMOTYPIC_CELL_CELL_ADHESION,0.860304655,0.65773195,0.82575333
GOBP_POSTSYNAPTIC_SIGNAL_TRANSDUCTION,0.85874552,0.7534791,0.8706357
GOBP_REGULATION_OF_PROTEIN_LOCALIZATION_TO_SYNAPSE,0.858193715,0.7005871,0.80576104
GOBP_GLIAL_CELL_APOPTOTIC_PROCESS,0.8580534,0.8827038,0.92816746
GOBP_MAMMARY_GLAND_DEVELOPMENT,0.8543061,0.67741936,0.8509161
GOBP_RESPONSE_TO_DIETARY_EXCESS,0.854165615,0.81409,0.86242557
GOBP_POSITIVE_REGULATION_OF_EXOCYTOSIS,0.8541014,0.6740891,0.8272551
GOBP_CELLULAR_RESPONSE_TO_VITAMIN,0.85258505,0.86346155,0.91372705
GOBP_PROTEIN_TRIMERIZATION,0.851199685,0.8,0.86142987
GOBP_MAMMARY_GLAND_EPITHELIAL_CELL_PROLIFERATION,0.849022365,0.7167969,0.8419727
GOBP_SUBSTRATE_DEPENDENT_CELL_MIGRATION,0.848998735,0.7944112,0.9031489
GOBP_POSITIVE_REGULATION_OF_NUCLEOTIDE_METABOLIC_PROCESS,0.84897282,0.7724551,0.88067114
GOBP_CELLULAR_RESPONSE_TO_COPPER_ION,0.84876,0.705653,0.86784625
GOBP_NEGATIVE_REGULATION_OF_DEVELOPMENTAL_GROWTH,0.84718398,0.90643275,0.94535667
GOBP_CELLULAR_RESPONSE_TO_PH,0.8468567,0.8757062,0.9326452
GOBP_POSITIVE_REGULATION_OF_COAGULATION,0.8459094199999999,0.7446394,0.8589246
GOBP_NEGATIVE_REGULATION_OF_DNA_REPLICATION,0.84573755,0.944,0.9539349
GOBP_POSITIVE_REGULATION_OF_EPIDERMIS_DEVELOPMENT,0.8456584,0.75049114,0.87468374
GOBP_TRNA_DECAY,0.8446686800000001,0.97463,0.9904074
GOBP_MYOBLAST_DIFFERENTIATION,0.841738565,0.97011954,0.9827805
GOBP_REGULATION_OF_BROWN_FAT_CELL_DIFFERENTIATION,0.83879138,0.8293651,0.92272854
GOBP_NEGATIVE_REGULATION_OF_EXTRINSIC_APOPTOTIC_SIGNALING_PATHWAY_VIA_DEATH_DOMAIN_RECEPTORS,0.838409625,0.8485477,0.9248558
GOBP_CELLULAR_RESPONSE_TO_VITAMIN_D,0.8362379,0.7074148,0.79052806
GOBP_TRACHEA_DEVELOPMENT,0.8343183000000001,0.82329315,0.9209143
GOBP_MATERNAL_PROCESS_INVOLVED_IN_FEMALE_PREGNANCY,0.834131215,0.9717742,0.98349327
GOBP_REGULATION_OF_SYNAPTIC_TRANSMISSION_GABAERGIC,0.8330259,0.99382716,0.9925161
GOBP_RESPONSE_TO_OXYGEN_LEVELS,0.828371645,0.75442046,0.87097085
GOBP_PEPTIDYL_L_CYSTEINE_S_PALMITOYLATION,0.82643315,0.70168066,0.8513439
GOBP_PROTEIN_O_LINKED_GLYCOSYLATION,0.82504608,0.7421384,0.8731427
GOBP_REGULATION_OF_HAIR_CYCLE,0.82229313,0.9943609,0.9966528
GOBP_NEGATIVE_REGULATION_OF_CARBOHYDRATE_METABOLIC_PROCESS,0.8216800000000001,0.9824903,0.9909308
GOBP_NEGATIVE_REGULATION_OF_ANDROGEN_RECEPTOR_SIGNALING_PATHWAY,0.8213079,0.93657506,0.9657488
GOBP_CELLULAR_RESPONSE_TO_PEPTIDE,0.8201201,0.93711966,0.9577957
GOBP_DNA_DAMAGE_RESPONSE_SIGNAL_TRANSDUCTION_BY_P53_CLASS_MEDIATOR,0.81987332,0.80190474,0.902687
GOBP_REGULATION_OF_MOTOR_NEURON_APOPTOTIC_PROCESS,0.8192221,0.65843624,0.82611656
GOBP_HYPEROSMOTIC_RESPONSE,0.818838235,0.98571426,0.99261963
GOBP_CELLULAR_RESPONSE_TO_ANGIOTENSIN,0.818586905,0.9845261,0.9944346
GOBP_TROPHECTODERMAL_CELL_DIFFERENTIATION,0.81764638,0.8539095,0.9255516
GOBP_3_UTR_MEDIATED_MRNA_STABILIZATION,0.8171605,0.9808061,0.9929221
GOBP_POSITIVE_REGULATION_OF_FIBROBLAST_MIGRATION,0.81157995,0.75551105,0.8303763
GOBP_POSITIVE_REGULATION_OF_EMBRYONIC_DEVELOPMENT,0.8085388499999999,0.9402391,0.9684939
GOBP_ECTODERM_DEVELOPMENT,0.808098585,0.9375,0.9635194
GOBP_MUSCLE_CELL_CELLULAR_HOMEOSTASIS,0.80684007,0.912,0.9515244
GOBP_RESPONSE_TO_FOLLICLE_STIMULATING_HORMONE,0.8061794250000001,0.87601626,0.91404927
GOBP_PROTEIN_COMPLEX_OLIGOMERIZATION,0.80422682,0.71484375,0.85073775
GOBP_RESPONSE_TO_PROGESTERONE,0.80164335,0.9672447,0.9837205
GOBP_PROTEIN_HOMOOLIGOMERIZATION,0.799618375,0.87109375,0.9356365
GOBP_POSITIVE_REGULATION_OF_GLYCOGEN_METABOLIC_PROCESS,0.79516193,0.8665339,0.939103
GOBP_NEGATIVE_REGULATION_OF_SMALL_GTPASE_MEDIATED_SIGNAL_TRANSDUCTION,0.7876715000000001,0.75296444,0.87249845
GOBP_NEGATIVE_REGULATION_OF_DNA_BINDING,0.7873277000000001,0.76507276,0.88556147
GOBP_NEGATIVE_REGULATION_OF_ORGAN_GROWTH,0.78726885,0.9301397,0.95539844
GOBP_POSITIVE_REGULATION_OF_CELL_CYCLE_G1_S_PHASE_TRANSITION,0.785346975,0.74319065,0.84967786
GOBP_REGULATION_OF_PLATELET_DERIVED_GROWTH_FACTOR_RECEPTOR_SIGNALING_PATHWAY,0.78213596,0.76218325,0.86607593
GOBP_NEGATIVE_REGULATION_OF_RECEPTOR_INTERNALIZATION,0.7813886999999999,0.8767677,0.93476194
GOBP_REGULATION_OF_ACTIN_NUCLEATION,0.78082602,0.9617706,0.97744477
GOBP_GABAERGIC_NEURON_DIFFERENTIATION,0.779668875,0.8313253,0.92472965
GOBP_REGULATION_OF_RECEPTOR_LOCALIZATION_TO_SYNAPSE,0.7780224149999999,0.8434442,0.87711716
GOBP_NEGATIVE_REGULATION_OF_RAS_PROTEIN_SIGNAL_TRANSDUCTION,0.7766671,0.8767677,0.93982744
GOBP_NEGATIVE_REGULATION_OF_VIRAL_TRANSCRIPTION,0.77358127,0.87673956,0.9356574
GOBP_REGULATION_OF_NON_CANONICAL_WNT_SIGNALING_PATHWAY,0.77339275,0.80544746,0.9093423
GOBP_REGULATION_OF_EXTRINSIC_APOPTOTIC_SIGNALING_PATHWAY_VIA_DEATH_DOMAIN_RECEPTORS,0.77075085,0.76386034,0.86004925
GOBP_POSITIVE_REGULATION_OF_LAMELLIPODIUM_ASSEMBLY,0.7631287600000001,0.7889546,0.87324935
GOBP_NEGATIVE_REGULATION_OF_SUPRAMOLECULAR_FIBER_ORGANIZATION,0.7601700499999999,0.7729941,0.8759157
GOBP_KETONE_BIOSYNTHETIC_PROCESS,0.759299,0.9755102,0.98130894
GOBP_REGULATION_OF_PEPTIDYL_THREONINE_PHOSPHORYLATION,0.7584778249999999,0.76890755,0.8742132
GOBP_POSITIVE_REGULATION_OF_MEMBRANE_PROTEIN_ECTODOMAIN_PROTEOLYSIS,0.7580196,0.825,0.92883676
GOBP_GLYCOSAMINOGLYCAN_METABOLIC_PROCESS,0.74704075,0.88622755,0.9165806
GOBP_PEPTIDYL_THREONINE_MODIFICATION,0.7426005250000001,0.86624205,0.91715527
GOBP_LOCOMOTOR_RHYTHM,0.7372117499999999,0.94588745,0.9577579
GOBP_SMOOTH_MUSCLE_TISSUE_DEVELOPMENT,0.7343952,0.8298279,0.896797
GOBP_CHONDROITIN_SULFATE_PROTEOGLYCAN_BIOSYNTHETIC_PROCESS,0.72681288,0.8804781,0.9289381
GOBP_REGULATION_OF_SUBSTRATE_ADHESION_DEPENDENT_CELL_SPREADING,0.719016625,0.9694501,0.9840526
GOBP_REGULATION_OF_FIBROBLAST_PROLIFERATION,0.7157381,0.9386503,0.97233784
GOBP_MEMBRANE_DEPOLARIZATION_DURING_CARDIAC_MUSCLE_CELL_ACTION_POTENTIAL,0.7140511700000001,0.85510206,0.92372495
GOBP_MAMMARY_GLAND_EPITHELIUM_DEVELOPMENT,0.710306045,0.8407767,0.9203996
GOBP_NEGATIVE_REGULATION_OF_RHO_PROTEIN_SIGNAL_TRANSDUCTION,0.70360538,0.89361703,0.92399293
GOBP_REGULATION_OF_ENDOCRINE_PROCESS,0.7020998199999999,0.85573125,0.9199484
GOBP_CELLULAR_RESPONSE_TO_DEXAMETHASONE_STIMULUS,0.6908894800000001,0.9669903,0.9842018
GOBP_MAST_CELL_MIGRATION,0.6881171500000001,0.9592668,0.97757643
GOBP_INTRINSIC_APOPTOTIC_SIGNALING_PATHWAY_IN_RESPONSE_TO_DNA_DAMAGE_BY_P53_CLASS_MEDIATOR,0.685985515,0.92828685,0.9500332
GOBP_POSITIVE_REGULATION_OF_HOMOTYPIC_CELL_CELL_ADHESION,0.67816791,0.9722222,0.98000836
GOBP_WALKING_BEHAVIOR,0.67705414,0.93230176,0.9684531
GOBP_REGULATION_OF_OSTEOCLAST_DIFFERENTIATION,0.659477775,0.974,0.97625405
GOBP_PODOSOME_ASSEMBLY,0.65915323,0.95694715,0.97728455
GOBP_RESPONSE_TO_HEAT,0.63579995,0.96202534,0.9774376
